,BONDS_US,STOCKS_US,STOCKS_EU,EM_EQ,GOLD
2022-09-22,0.0008753071836608831,0.00315467811245945,-0.007447508912863471,-0.009358663928546302,-0.0029683626229315904
2022-09-23,-0.0015513536294831565,0.00576623047539597,0.008522549090235735,-0.003992394931872753,0.01334318051390064
2022-09-26,0.006090955739326156,-0.0015396053569166055,0.011951606569206194,0.006517446867618652,-0.003647410587834965
2022-09-27,0.005232317964754869,0.0027215590920988937,0.008717366975366536,0.008255445859471675,-0.00891721400191086
2022-09-28,0.0016796279168888569,-0.019427230560200202,-0.006472275559780744,-0.017462561057572996,-0.0029425043499042756
2022-09-29,0.0016053014205755453,-0.0027903966395963907,0.002136639922545593,-0.0003841666797606456,-0.011074556154175703
2022-09-30,-0.0026530454990974514,0.004728634651540971,0.01116835752879812,0.004432701564854948,0.017816496934970807
2022-10-03,-0.0008290008898234594,0.0007448746471470412,0.008405759686820226,0.026361151869312358,0.00738981906285053
2022-10-04,0.004449206187355307,-0.008387277114835402,-0.005231690642007026,-0.008382718487742358,0.0016649343284692178
2022-10-05,0.006361334664216611,0.01219743560737163,0.008460732656373402,0.004746557707454572,-0.005374658363249227
2022-10-06,-0.0033615276520465604,-0.003583881328938061,-0.00758878243206028,0.0006941038317817532,-0.0023977463059471726
2022-10-07,-0.003040987973615486,-0.009812956106743447,-0.010585055078697059,-0.007913971386759092,-0.0077926018119694644
2022-10-10,-0.0024836302673097973,-0.0034272820282581795,0.004694430069099576,0.013157945129769163,0.001279371732435342
2022-10-11,0.002161621371349306,-0.008231728400600848,-0.00878053472576738,-0.021934021312605943,-0.0036046673940809326
2022-10-12,0.007487587081036633,0.003897513171763889,-0.008002844118188277,-0.007340283705633117,0.014258436094117123
2022-10-13,0.005901004078114789,-0.008620335240766252,-0.008318062361557417,-0.008323773192292104,0.0012119528272733823
2022-10-14,0.003295666557340063,0.006652161413532274,0.010080950484102735,-0.005390590017484065,0.000833593697527349
2022-10-17,-0.0013596124398074765,0.005823030007619803,0.008736526413050309,0.0031700406312866426,0.008392991030972723
2022-10-18,0.0007916908435967235,-0.0032983584078743137,-0.00115049013568402,0.0011439659419928416,0.010594833869944567
2022-10-19,0.001327585244301252,0.016377814132317984,0.013836946518208996,0.01683716650496535,0.00368665129047825
2022-10-20,0.0011444220498836167,0.009914044604298877,0.013637558182104794,0.021216739238662588,-0.0015858973188402252
2022-10-21,-0.00025662957101926635,8.335811703489752e-05,-0.0017891153739765416,-0.009573109018261977,0.01682583887804493
2022-10-24,0.0010554972272694527,0.028644616858903876,0.00704103479964201,0.023731971898314184,0.001176306271001037
2022-10-25,-0.002867573243881382,-0.0029089006076243864,-0.011103604219325987,0.0028048985107967054,0.0018157118898336207
2022-10-26,-0.0008548636057143675,-0.00830605917872568,0.0038377583514438954,-0.01488408084330098,-0.011556841446986463
2022-10-27,0.0011302664809391566,-0.024461471687160844,-0.021609739862162185,-0.021885868202519483,-0.009486391536764564
2022-10-28,0.0029269749004121994,0.013673877554525347,0.0073414416229307285,0.02553862861109973,0.004427942123075537
2022-10-31,0.0035209280574861794,-0.014364169919921592,-0.017986390350168777,-0.01573512128223821,-0.007547625315115129
2022-11-01,-0.0018048440606265308,-0.005744727999009698,-0.007350809702673737,0.003564702025552432,0.01530145092300416
2022-11-02,-0.0012275714295172714,-0.011913457400454784,-0.014415880616265926,0.0002957542799202137,-0.00916693479763971
2022-11-03,-0.0012380886005678776,-0.00341991065143148,-0.004976900534441086,0.0002306184149578042,0.004538075055801169
2022-11-04,-0.0018907137043427428,0.0072135034890279,0.014504961087271381,0.0032080735737736055,0.017071087420253175
2022-11-07,-0.002191668643887764,0.012503071641247481,0.01700438817892959,0.004911488791626096,0.005883310201159779
2022-11-08,0.0029466063069388477,0.003405174401749681,0.005725384314233995,-0.01666552907863811,0.003657365381521738
2022-11-09,-0.00026361009189572243,0.009320719326912133,0.0055062504450294585,0.013691426096680614,-0.0064242210087426576
2022-11-10,-0.007850238180524513,-0.003238629672988639,0.0004046189471129405,-0.017942376743219038,-0.003668110474901479
2022-11-11,0.000420885878598375,-0.009145228775641334,-0.011731826508879169,0.00013916378746046428,-0.005988003316624342
2022-11-14,0.004558764336774106,-0.009598107038198939,-0.002478673839670842,-0.00880834903120779,0.004449360660725822
2022-11-15,-0.00027126794304880236,0.0021845949279516307,0.010518721396791521,0.0034156974972215683,0.008186337153231657
2022-11-16,0.0039057315818430624,-0.0037397221092067344,-0.003486342304377678,-0.0032993190201098003,-0.008374202776687099
2022-11-17,0.004476209402592096,0.005239802252600658,-0.0023304381555023608,-0.011276470514920266,0.0028867111194794282
2022-11-18,-0.011477975389927482,0.014336295468152384,0.009182606156537322,0.008051763850409102,0.004112419317887731
2022-11-21,0.000949014701403284,0.0018831919800044125,-0.0024026725095575127,-0.014419052683294362,0.008163202468188347
2022-11-22,-0.00012312051014310978,-0.010714888054198143,-0.005746130528666651,-0.006036226273311056,-0.006953432289289688
2022-11-23,0.001989515940214644,-0.028154751621256385,-0.01190271132381269,-0.028011264933933158,-0.019989952328712354
2022-11-24,-0.0026471695241977707,-0.01701632880833003,-0.01006091991103087,-0.00733987593183789,0.002139200786205698
2022-11-25,-0.006226774276444144,0.005889747979047081,0.009671188586652398,0.008995238917732282,0.002552947731993675
2022-11-28,-0.0018902719640433668,-0.009902770990710071,-0.003345944152902354,-0.00413688596894005,-0.019295977653984598
2022-11-29,0.00424482590218575,0.013150062906222561,0.005287119264007935,0.007782632737871688,-0.0011466044781283991
2022-11-30,-0.0013330817425059487,0.007111284248711423,-0.0066215119748746845,0.008785354979425349,-0.002791175214266621
2022-12-01,0.005715013902279115,0.02567373747002801,0.01566623928725015,0.002671794831338464,0.005412187014830301
2022-12-02,-0.002828931883092429,0.005668379792467377,0.0011376974267759386,0.007604180700505055,0.013572799308235482
2022-12-05,-1.853680266809669e-05,-0.006245255927305672,-0.0004934281296528785,0.03015922995486511,0.007339197288538563
2022-12-06,-0.0009290992200523122,0.007815871044403648,0.008438276770181406,0.020614554258658668,0.01927380975004028
2022-12-07,0.00369835145063019,-0.011320906677098246,-0.008739196432386636,-0.020903474082266473,-0.016432465141754116
2022-12-08,0.0008946485449725005,-0.006023265838692594,-0.006041072831717981,-0.0024779633222530364,0.002954736999857441
2022-12-09,-0.005856019045363729,0.00162431889653716,0.011186978971302433,-0.010790905895559148,0.00283546937943103
2022-12-12,0.002910174443864662,0.022959187469789887,0.01769105908170333,0.022090562573483293,-0.0006735884177542454
2022-12-13,-0.0010821981954011225,0.002773604502968553,-0.003891990987829408,0.007111227647154321,-0.003061859528798323
2022-12-14,-0.0018247643815605269,0.0124661833777563,0.005033766881972176,0.005390815273316375,0.008251363781701805
2022-12-15,0.0008767644173092281,0.013053897800690727,0.007308581318100292,0.007856191084529998,-0.005827155952050608
2022-12-16,4.9560487455584015e-05,0.0004174065752534615,-0.004007651441396698,-0.0005833575000422876,0.013039432533359895
2022-12-19,-0.0038939239137066733,0.009913728359798743,0.0033036723536111726,-0.00385739759665936,0.008518418841466343
2022-12-20,0.00017977174783786724,0.0009595996650264138,-0.0017483139011310834,0.00039726273278998733,0.0070931907908165495
2022-12-21,0.002471226134281068,0.004502353571170327,-0.011438244560513339,0.002008622585424149,0.007151026003738291
2022-12-22,-0.0015221673256469261,0.01912164905111907,0.012246484415131069,0.008807739144982913,0.010092679742417962
2022-12-23,-0.0024688573016408387,-0.0026077293792376205,0.002715340606742874,0.002214072054719447,-0.008181100201526036
2022-12-26,0.0020105900504611006,0.0011761801826157686,-0.002090419887909625,0.005738486333509234,-0.006534786858368311
2022-12-27,0.0019414141818741679,0.007985473735628116,0.010296538604298999,0.009112073609188302,0.0027989464162173614
2022-12-28,0.0006816252339086926,-0.011454923554497303,-0.005551397289443394,0.0084503060124926,-0.010219622206877638
2022-12-29,5.979118309852561e-05,0.0016134353622928306,0.0029097791422997878,-0.011160265487762024,0.011774578866613638
2022-12-30,0.00285273481731437,0.010451546762246673,0.006242926215708955,0.014652328417653687,0.0015774620861368316
2023-01-02,-0.0026822907161979884,-0.0019848525076702427,-0.00460976008552378,-0.008812936473544693,0.013945773753597082
2023-01-03,0.0025903412417611765,0.005032396070108193,0.0034426469026798377,0.004997085686755155,0.002698551160677654
2023-01-04,-0.006155866921518292,0.009713677190946185,0.002716143610159659,-0.009126615954934431,0.0013736260727172378
2023-01-05,0.0024368048572223234,0.0175928083425126,-0.00041389394992045146,0.006802021915175735,0.008320284418848047
2023-01-06,0.0020977073267998826,-0.0017748780149598425,0.0006029573388184566,0.02402025554497159,2.4262079517675206e-06
2023-01-09,0.0024734765654329605,0.009709419386062516,0.0028037079667450654,-0.012545880411226078,-0.0006775944398006742
2023-01-10,-0.004144907485194965,0.01163383896217574,-0.0037614711333792904,0.017414666321911704,0.00782496333800381
2023-01-11,-0.0024287855106614516,0.007865237555312118,0.00863131722721614,0.0025618145258191494,-0.01803479130196325
2023-01-12,0.002190468846147704,0.0158453098143828,0.012981633401389362,0.021757822290320018,-0.0038726944469847685
2023-01-13,-0.0013622543506937009,-0.0071386986500441675,-0.00678913899086726,-0.00439035133395288,-0.009881611905270373
2023-01-16,-0.0015285707822219987,-0.009168024413482623,-0.017492064957975097,0.0019204067902472844,-0.007745687293888459
2023-01-17,-0.0003921169489756425,0.014337837227933145,0.003816792924579032,0.005705190945152955,0.014699289857989357
2023-01-18,-0.003183717486673306,-0.015647421089821725,-0.02014935655965081,-0.028024772529867313,0.014901304981188648
2023-01-19,0.005655915771952351,-0.00811787942104885,-0.013757912448509178,-0.018594540519938436,-0.011105337575553612
2023-01-20,-0.0037209234832999696,0.011551619519138596,0.004886205048133656,0.020843266627523307,-0.017226666015727917
2023-01-23,-0.0005668600281595,-0.009783829801609661,0.002405108261531318,0.00405323513583649,0.018218357077217757
2023-01-24,0.0032295904235942474,-0.01162755722036993,-0.010761543434511966,0.0070656783169155525,0.004065307397316832
2023-01-25,0.0027918231204660353,-0.011313157093784373,-0.006776064803480468,-0.0034117386937909068,0.0051893749015391845
2023-01-26,0.0010526681512479695,0.0002019094072207736,-0.004173585175626058,0.004530430032214853,0.011093934620104494
2023-01-27,0.003752468932554053,0.0022838595225212156,0.004882267577023458,0.01650033464276974,0.0022993838107104414
2023-01-30,-0.0003937686114726223,-0.02110030481647144,-0.019727560450023832,-0.02052616456007721,0.0003286553287251641
2023-01-31,0.0021971585702035773,0.0042222339865142355,0.0076150226220199155,-0.002001715423331359,0.004651302075515315
2023-02-01,-0.004945467163132948,-0.00018015066959973917,-0.010297425868299367,0.01659865158198167,-0.017945806573520465
2023-02-02,-0.0036326440215152947,0.01582845083884373,-0.007721598989840589,-0.00010586515373040353,0.004521056942441888
2023-02-03,0.002123433759167982,-0.004748606290250486,-0.006535517524911459,0.012828643724612851,-0.005038671994554145
2023-02-06,-0.0026101564959214694,0.015941678939604634,0.0010998853729037637,0.025141252691105648,-0.0026160167915718806
2023-02-07,-0.0048624180288765455,-0.000563005306236049,0.00553875805978335,-0.0028268689775863875,0.013587595628436196
2023-02-08,0.004613152566707473,-0.010109607847369622,-0.002635288715949157,-0.00279502721048794,-0.00904032575941881
2023-02-09,0.0006682124511649086,-0.009953135738904956,-0.013505285061785378,-0.00766204938179004,0.019877525078212974
2023-02-10,0.002678631040386348,0.0014901205475204736,0.00025849119196389196,0.012579469501902259,-0.0029012430238171006
2023-02-13,0.001883653019255121,-0.006552435023898209,0.0005296874115934837,-0.0012655081595042718,0.0002446179786309652
2023-02-14,-0.002957617697209488,-0.009871833984532561,-0.00965432674066601,-0.004811787453200796,0.006100056903487524
2023-02-15,0.0024916722738919867,0.017261470133728245,0.009938212904070163,0.023825591997688262,0.00802815757991965
2023-02-16,0.003960423323607749,0.017681048033840418,0.013133103519796466,0.026302258405073706,-0.01319071021795991
2023-02-17,0.002605559405640701,-0.012525165982490734,-0.0021222741360947144,-0.0033708211320839085,-0.015163071040170596
2023-02-20,0.0019096836751583514,0.0010823889178063766,-0.006313597849659474,0.003568830919077214,-0.0069703527412932915
2023-02-21,0.007953439516779296,-0.002213372968629023,-0.011616538939465508,-0.010754464133642451,-0.011802884317129949
2023-02-22,0.0019529252930523082,0.009578877006585355,0.005202677992358367,0.010326974210051378,0.006657880868690523
2023-02-23,-0.0004008715446265086,0.004664379664776457,0.0030191430640186773,-0.006722668855002806,-0.0037541352272202904
2023-02-24,0.001499092738776708,0.0037373489134212966,9.279120259410395e-05,0.008958919281960255,-0.0029960212145962607
2023-02-27,-0.0038625974075240047,0.002022393112723086,0.004481609507582446,-0.012253755607375664,0.017133097171294114
2023-02-28,0.0017753522609214368,-0.008365477424736275,0.005333096378281157,0.015846975173934835,-0.0157398562951892
2023-03-01,-0.0027552790435570245,0.0026077237507468767,0.003848148634812621,-0.005048420440525321,0.01485765037435111
2023-03-02,-0.0023100401613421325,0.0204447648705156,0.028019449608252426,0.02387006865730717,0.0027340279440459542
2023-03-03,-0.00037425945264651743,0.007071306040852643,-0.009266937423398893,-0.006910590634927617,-0.005506670546799058
2023-03-06,0.0024175600985616164,-0.002861635343132006,-0.008806208808106265,0.0027932927361801274,-0.0024366957172850313
2023-03-07,-0.002761536738354455,0.002179131566910942,4.7233874546484316e-07,-0.002164068093065505,-0.005380890776692797
2023-03-08,-0.0011379430276217603,-5.5856891077733534e-05,0.002381207735448974,0.012869084537734473,0.0002226788755703683
2023-03-09,-0.00085124095109093,-8.547001749521565e-05,-0.00871296522702793,-0.012185320846947574,-0.010906085462337636
2023-03-10,-0.005091266095023173,-0.030270907525634445,-0.013796094606201369,-0.014358093731773403,-0.005837721871101233
2023-03-13,-0.00732463928274871,-0.00909572607256269,0.0005834642994160367,-0.009013677187600246,-0.001573814673195131
2023-03-14,-0.00035456133762308865,0.0036899220044296446,0.00028474869527572694,-0.00545757932141263,-0.00046119640986043474
2023-03-15,-0.004044362631443986,0.020822171448128514,0.00962583294669582,-0.0012378298962516482,0.0009516908984448238
2023-03-16,-0.002834626928382541,0.004164489886781009,0.0032159539174902536,0.009592550118062938,-0.008308887543035538
2023-03-17,0.003297349068224152,0.01691932640873996,0.016783470010883015,0.019551338714685475,0.016232223932761358
2023-03-20,0.004573301165538727,0.013490443246415034,0.02007050822446906,0.019527495929510447,0.009396474021396374
2023-03-21,0.0005758368151075133,-0.0007174533380285968,0.009404770193070247,0.002980736773369859,0.01662186858195089
2023-03-22,-0.0010925362719054563,-0.0009551160261898624,0.0010680981853755126,0.009883420339691477,-0.02423819739921188
2023-03-23,-0.008656927546224002,-0.021692831820880686,-0.010615005448074892,-0.023533560633288556,0.009380688000004517
2023-03-24,0.0005502851880809351,0.00043382800186070076,-0.00105421019201281,-0.00020621473925061258,0.00035737925991131215
2023-03-27,0.0027437855670073997,0.0034081043122316857,0.006557262050386235,0.009182854877442437,-0.0040583136383939376
2023-03-28,-0.0022262896152121297,-0.004785251483023589,0.015491936139663673,-0.007930357124541595,-0.005072459986127396
2023-03-29,0.004675681143574012,-0.017137649800704514,-0.012035652114565493,-0.00879727939472307,-0.01890315924268074
2023-03-30,-0.002581116634516865,0.016913402821978424,0.009199585332472712,0.0027495596275982116,-0.013214760345702252
2023-03-31,0.0037914532906074853,-0.008388958861357897,-0.010836554293662532,-0.003418991591993213,-0.009559835094977032
2023-04-03,-0.0015890104417391733,-0.005850146051319368,-0.010039955749595484,-0.006135101517634847,-0.0019564253525669703
2023-04-04,-0.0024481846890205654,0.003519217660107407,-0.0021300741723759855,0.008281942221166138,0.013251569572163892
2023-04-05,8.672721668123777e-05,0.0024836224186848377,-0.005252292515844352,0.010278976011044482,0.00597115452628859
2023-04-06,0.004671614544955595,-0.0009450720468086147,0.008166207963716685,0.009101424994401147,0.012167908061101781
2023-04-07,-0.0038909615407493204,-0.007946533750414342,0.009240927504533153,-0.013590493962764698,-0.01558653565825436
2023-04-10,-3.271718942285233e-05,-0.002440269536939126,-0.0052047119973288175,0.0008994414389041931,0.00024541949779233576
2023-04-11,8.598060313643253e-05,-0.011265396566560617,-0.006874857470365587,-0.01435688200476318,0.0001015896626034701
2023-04-12,-0.0005943801677511135,-0.007022694637639504,-0.01182591226314531,0.007351329699400986,-0.013066933340804204
2023-04-13,0.0028214464191744695,0.001589612278062902,0.0052131535798014515,0.0010298645240491072,2.514727721874627e-05
2023-04-14,-0.002412041138200441,-0.007216796562271344,0.006180853540260444,-0.0017951841900984823,-0.00965213322217987
2023-04-17,-0.0029719675421514633,0.005674569218205996,-0.005985535740529889,-0.011809282406638892,-0.00020626168847096146
2023-04-18,-0.0007858316573233909,0.015141495796454156,0.012254856855742164,0.029667504486556247,-0.008735310115908345
2023-04-19,0.004413828884744249,0.0027801549116794936,0.00584741927136086,0.013541027523751756,0.0043983362231500055
2023-04-20,0.0032369683914817114,0.008173797591146188,-0.0010953147726496786,0.020027376904371032,-0.009396073458862593
2023-04-21,-0.0027405596576868174,-0.027755693094981323,-0.01723774986176572,-0.03447903655049397,0.002184578549433544
2023-04-24,-0.0021750140696694883,0.015618274330508093,0.0156855635967694,-0.006522266879107798,-0.0035769480522813177
2023-04-25,-0.004410544606873534,0.011878078026168528,0.01573999371152891,-0.00019932238550581405,-0.0032967758490492246
2023-04-26,-0.0016452170284614973,-0.0014375888481531957,-0.007380592265432192,-0.010949118513049515,-0.007047497509782838
2023-04-27,-0.0011796289168015293,0.014122592000167805,0.012319241182936957,0.023070168308916762,-0.004670924447798577
2023-04-28,-0.0011294980426949106,0.0007373175341361708,-0.003163372265030096,-0.001199799187786238,-0.013115277508636955
2023-05-01,0.004928034527767625,-0.008079572801935159,-0.006244884647863644,-0.01725246651862964,0.006264086726093658
2023-05-02,0.003575999198744028,-0.007285011487063194,0.0027503287384248107,-0.006470660968114785,0.001543405575900957
2023-05-03,5.698886506626602e-05,-0.007533568633614372,-0.006050334870914824,-0.016395255541775886,-0.002429831950478142
2023-05-04,0.00148057027754947,-0.010908813294062559,-0.005911438516311242,-0.010619788886372343,-0.00536883153508489
2023-05-05,0.0025981783747516737,0.0064178551753636,-0.0037590261648938563,0.006245357618568358,0.0034714008690557422
2023-05-08,-0.00225709650307735,0.007950844675648806,0.006476467996030175,-0.004232446260499388,-0.0067913145011557294
2023-05-09,-0.0024200959241367287,0.01926289354765427,0.01630998207824705,0.013664616265052837,0.0019569488181766133
2023-05-10,0.002268399964646081,0.0144918814427458,0.01611022602754156,-0.008387764804273886,0.008981094768129161
2023-05-11,-4.145751380494895e-05,-0.015836474071729473,-0.01096152315615018,-0.01814419769486741,0.014684389637275247
2023-05-12,0.0006011006613971864,0.006281962350431988,0.009941148252788563,0.02495757147247614,-0.004874859039236281
2023-05-15,-0.0002527930686971119,-0.0003982206983846029,-0.008029842223608261,-0.0005161309710436555,0.016225174931463263
2023-05-16,-0.0010631475622163403,-0.00116907185070779,-0.00448178286145179,0.005691195347184024,0.008715691829380205
2023-05-17,0.0026774231273860452,0.0026958095135643095,0.00831050706477358,-0.01950495968210103,-0.0024295106457534865
2023-05-18,-0.004289956093687713,0.007946973880332173,-0.0018098593491099988,0.012580457946837171,-0.0033747977147848664
2023-05-19,-0.0011170174560701852,0.004976598607892433,0.008459811876910283,0.006930993382001021,-0.007900667796929764
2023-05-22,0.002895261136535065,0.008861515433436764,-0.003813005738244601,-0.007717419668143451,-0.017209150850613964
2023-05-23,-0.005965044128318327,0.008321068575651241,0.002840600887608475,0.0026598350876518148,0.002139722402488113
2023-05-24,5.9155096952107596e-05,-0.006547305207964828,-0.0013658608770940452,0.012065529806980323,-0.00398890325498919
2023-05-25,-0.003781725942913509,-0.01732833127202678,-0.01412520182698158,-0.022268055556842886,-0.006650138031334279
2023-05-26,-0.002848376725499726,-0.023568981929333835,-0.027254358687532523,-0.027791152876989005,-0.005999835893669567
2023-05-29,-0.00420068686079319,-0.016603320897447607,-0.018237773155487916,-0.022205805904606538,0.004547204598441996
2023-05-30,-0.00419254725066423,0.0010285590196953615,-0.0063838906208019824,-0.01706594444802322,0.001652553157977783
2023-05-31,0.0024674196745595985,-0.00144486240167808,-0.009535305805884643,-0.008372803971091265,-0.002206226858358986
2023-06-01,-0.0005566556499214166,0.0009638928553855531,-0.007966075529958327,-0.003807391755646052,-0.0039475924255780465
2023-06-02,-0.005890242924746177,0.0035984793707031543,-0.000572601576735145,-0.0015860570774163141,-0.01420384602317668
2023-06-05,0.00039697500206232474,0.010326341585615335,-0.0021011270111801223,0.002149013049311521,0.0017889019833387029
2023-06-06,-0.0005757173859387897,-0.0025962877768735274,0.000984186063368913,-0.005225733132072015,0.005233896145804133
2023-06-07,-0.003397492296019381,-0.013486841601949821,-0.006187881496804184,-0.011478835577121196,-0.010430471545958888
2023-06-08,0.0009490294185805251,0.022046228489482376,0.007992303940944358,0.01836379212851524,-0.004591851283623404
2023-06-09,-0.0019635274042733436,-0.0052044109585897445,0.009655967503847701,0.01189468309972003,0.021211870280938825
2023-06-12,0.0026270660649689087,0.007764721215171663,0.005359369486476867,0.005045809983494643,-0.01013223867921034
2023-06-13,-0.005157229327921907,0.01638590119652771,0.015002877311460277,0.011118825713852922,0.0077558160898750774
2023-06-14,-0.0001066798023295236,0.006619665916361535,0.005539830297855991,0.020894486149211744,-0.011460102766307876
2023-06-15,-0.0003193528581085214,0.0036990984858990502,-0.007816126117707404,0.0092368891087062,0.006066106159898583
2023-06-16,-0.0015271262173288237,-0.006618152892285805,-0.009175730221110963,-0.01693445778899963,0.0013576957703788535
2023-06-19,-0.00015314007201553884,-0.0012403039108446019,-0.005954912107916491,-0.011630506256519148,0.011404164611368676
2023-06-20,0.005131436026763263,-0.008249678798623072,-0.005479095580764209,-0.025920428520351153,-0.0107080528389803
2023-06-21,0.002137140241955455,-0.0008742510882192202,0.004373584661507947,-0.004097817777349129,-0.007706235925103159
2023-06-22,-0.0023421917620245246,0.004051225972623231,0.012743710898097642,0.038713172539301156,0.0028037106989563586
2023-06-23,-0.0005883155694004704,-0.010786547896582847,-0.00947046686494586,-0.005016900197107669,0.005481252006941854
2023-06-26,0.000350736516254209,0.01621548108263035,0.015612266257213873,0.007151240264132515,0.013236603427659338
2023-06-27,0.0037887389701775085,-0.007447828079829971,-0.0016433258607025636,0.0037112152760829147,-0.017942852540262833
2023-06-28,-0.0017381795707933768,0.005647240916247395,0.009018559916908558,-0.003148882126676779,0.01565986045085973
2023-06-29,-0.002584792778321374,-0.014626061118009947,-0.007800981941638125,-0.019258270203701806,0.007416345024643148
2023-06-30,0.0015725598456860586,0.0036079722557999508,-0.003932042679328802,-0.010033341161376167,0.006738362543992307
2023-07-03,-0.004694960305498166,-0.00717411283603872,0.00035307459875580225,-0.027720275387411817,-0.003480034828396492
2023-07-04,-0.0011785309250759537,-0.005276287094752,-0.002469278305711091,0.002046729749526711,-0.0049233259530418
2023-07-05,-0.005418877330872926,0.0021894655210191673,-0.012767741900033385,-0.005368592376133264,-0.005950039604584532
2023-07-06,0.003161059819405872,-0.00132319223546221,-0.005393840198402097,-0.0058345149045114265,2.165342567755056e-05
2023-07-07,0.0023251609788007823,0.004867009934115053,-1.1849840730303925e-05,0.004911678789948389,-0.015711266953005284
2023-07-10,-0.0038050185287436724,-0.021406561360778776,-0.020357345160055378,-0.00886802145616831,-0.009496374060108073
2023-07-11,0.0008017749161316401,-0.013088179809899455,-0.009954353923759708,-0.02557709955328948,-0.0075959883227843744
2023-07-12,-0.005396724748874717,-0.008254907347130514,-0.018188435839152816,-0.0038489963760610212,0.008341069963627845
2023-07-13,0.0020985667912469122,0.009878024630183906,0.006733385513136309,0.004783229389924789,0.003418932620754648
2023-07-14,0.001936876496726996,0.01342955818962178,0.008299360708416803,0.0024739553739878467,-0.0018739121938940425
2023-07-17,0.0026052998777086212,-0.012540477102972703,0.002521428976826609,-0.009051572956469153,-0.02864423636290935
2023-07-18,0.00034788834036328495,0.012822578302728229,0.014966993755302664,0.011042367078633448,-0.013076345012362085
2023-07-19,-0.0028696501618079035,-0.002860741138211585,0.006563446975143529,-9.71040162336881e-05,0.00454399700893682
2023-07-20,-0.002209573857906286,0.00738531056782289,-0.004253353495567448,0.01187317398050087,-0.013073471164482235
2023-07-21,-0.0011925609344553417,0.009758506339744562,-0.006329611077062661,0.006819083387173798,-0.002349940650430862
2023-07-24,0.0004593905282298956,-0.00277530770307199,-0.0005054521599168924,-0.008319590927233495,0.008902242473785031
2023-07-25,-0.0017735925959582667,0.004023291097926258,0.0035990762931159114,-0.002559171233296231,-0.0016494582587820044
2023-07-26,-0.0018606228762996807,-0.0028973431436984526,-0.010168052412982602,0.011963868315270739,0.004976785415566084
2023-07-27,-0.0017826929044808312,-0.0055185635481945555,-0.001818866612385926,-0.017377793459537876,-0.03163173785476693
2023-07-28,-0.0060123318896339855,0.00540681454381886,0.008234323423812837,0.018041821174513265,0.00874724889855804
2023-07-31,-8.47817925982516e-06,0.007607704485226817,0.003558097549937895,-0.0024493430986170213,0.0005113089621931533
2023-08-01,-0.0039708556828254695,4.473268721361134e-05,-0.0015269211899379908,-0.008950917738569774,0.021943571639561767
2023-08-02,-0.005168219891108391,-0.010947911361016104,-0.000800019094821199,-0.01919958702356746,0.008822982082907022
2023-08-03,-0.0009268750700429291,0.009176225883555936,0.007607055621609633,0.018351847729630874,0.0055071568524103255
2023-08-04,0.0013186247272411748,0.005335049835722693,0.0024059331614854703,-0.013331414788186436,0.0004798635322720375
2023-08-07,-0.0032349879476387703,-0.010326701459299798,-0.013726626807561378,-0.007637693714492649,0.012697838169766993
2023-08-08,0.00028511056056166164,0.004828685399664212,0.0029172976382102,0.002121670997615547,0.013434353364762829
2023-08-09,0.0023122973577432183,-0.0007301906903928503,-0.0126544971988079,0.010082754911435305,-0.006976889981617284
2023-08-10,-0.0040910515526461815,0.0007903717091053179,0.009717660597656082,0.021170739697791166,-0.017409084641664855
2023-08-11,0.0019121131962082985,0.0014627423198425521,-0.003949482842710711,-0.02325292670674035,-0.011673722621445184
2023-08-14,-0.0033647840363588907,0.016967300386063595,0.02451641328955904,0.034984482876221724,0.026342868482886653
2023-08-15,-0.0034380434133681383,-0.01815951339862512,-0.01902272883340473,-0.03635394917542523,0.009521816060164813
2023-08-16,0.0022351175112744264,-0.0067507784807038064,-0.005285041022584678,-0.010164207375556154,0.002072112207886558
2023-08-17,0.00423838148599074,-0.0026991977281202425,0.00452616516991745,0.008394269399181272,-0.014578020477120951
2023-08-18,0.0033132617322845937,-0.0020540159917798247,0.009529342555966104,-0.009275015011430807,0.011321317595973018
2023-08-21,0.0030182201743576475,-0.00906004588462897,-0.01159490016263124,-0.008141490200636353,-0.009060776259890737
2023-08-22,0.005166011197641671,-0.0033667311240825094,-0.005519669884477619,0.005236413053827991,-0.010688429977953492
2023-08-23,-0.003973077497633986,-0.0010944314468246418,-0.001947664294892295,-0.008153736316858166,-0.0016683049238751095
2023-08-24,8.965506371878733e-05,0.0010646203875082237,-0.002744956338541946,-0.0009956169426463821,-0.004144370118586988
2023-08-25,-0.005163437726381176,-0.008255172685456233,0.002526624475363359,0.005295872617333453,-0.00491182567299032
2023-08-28,0.0012342298849928098,0.012564617662388094,0.003877897499348379,0.021274610045295038,-0.0036737349101096197
2023-08-29,-0.006414455552834781,-0.014719724574057519,-0.006119471214077358,-0.015221846227173643,-0.007746450727575062
2023-08-30,0.0012002557243473372,0.016499522927556735,0.011381574678917431,0.011209824837435538,0.0027465623010233513
2023-08-31,-0.006823864547484941,0.004761058940512409,-0.0025568284533738113,0.0024639049473615046,0.0006234451241083253
2023-09-01,0.002881527470956907,0.013309717565369816,-0.006685881840167886,0.010258900213791326,-0.011934958059776079
2023-09-04,-0.006157662577238906,-0.014056961842548444,-0.01613590523746341,-0.020859423928305084,0.0150982278957603
2023-09-05,0.0022108063070952026,-0.0018976185222529325,0.004944883654608368,0.009116254024154016,0.00011811157568508953
2023-09-06,0.00496103462971743,0.010568651347363234,0.006534457820586311,0.02000558284095937,0.0033504684506569103
2023-09-07,-0.00486730158371887,-0.008045506203107594,-0.010719828979453498,0.005265004915767189,0.01150710815101551
2023-09-08,0.0004333676383783115,0.013459694139616046,0.01629480098122312,0.010057408400301768,0.015857095320348787
2023-09-11,-0.00021546240659613315,-0.006383892231868005,0.0013779690316751418,-0.009419585350129005,-0.000542421546263401
2023-09-12,-0.003513065274882015,0.008450365363753098,0.011666658578771147,0.023510146671882684,0.0022147896547102773
2023-09-13,-0.004514713647355904,-0.015014095616413264,-0.01114272632167009,-0.008560105091200882,0.007042262735196342
2023-09-14,0.0005131771341923561,0.003780090435480722,0.0018577806318609506,-0.00834856241608907,0.020613343034722603
2023-09-15,0.0027820957888049476,0.004942002542124289,-0.0020451316663030843,-0.00492669934901214,-0.002763526894459649
2023-09-18,0.008098265495233813,0.009471254619385003,0.01587448334104992,0.018681263806270523,-0.01609894160888614
2023-09-19,-0.0010629465948892524,0.002347696333202338,-0.004071943681086265,-0.009819045024727014,0.02268050873805228
2023-09-20,-0.0012389309617819857,0.002323628645175848,-0.00017126254563951972,0.0012865775691607655,0.009277667996541636
2023-09-21,-0.0015921068805204459,0.004875193826925756,0.009141467887395073,0.007895393109926065,0.010304827408792933
2023-09-22,-0.001187172063868519,0.013314310949748682,0.003701306027477038,0.01146972622145948,0.0010609400208778292
2023-09-25,0.00040612866079507156,0.008803774680024431,0.004429612305976046,-0.008631811274076116,0.004819366235672238
2023-09-26,0.001382449939986826,0.008972460002061852,0.011599067535275764,0.02101998344171483,-0.007690591995245609
2023-09-27,-0.0003039841304225862,0.001920708077748271,-0.001858865104634603,-0.0010860387062919916,0.005121950919737309
2023-09-28,-0.0007577200607911654,0.014247966335562167,0.020363203761188352,0.028321964296487336,-0.0063286880043505545
2023-09-29,-0.0013777512382454646,-0.00897892558570516,-0.0181130308151145,-0.0205292456499931,0.010344604649841022
2023-10-02,-0.00016637230427206346,0.0005498713380868285,0.0029912918576536344,0.007732883565804496,-0.004452658471575381
2023-10-03,-0.0027787849765707794,0.004753222634097514,-0.0038459206325172726,-0.004266567347032263,-0.0010640388073155285
2023-10-04,0.0026108254281016095,0.010934150139916573,0.019495830618563168,0.01975952125494473,-0.023658560932420945
2023-10-05,0.002965445471059712,0.014786103964455951,0.0076489585689754995,0.015866368933622456,-0.016460332118106383
2023-10-06,0.0008461187780021284,0.02188634654039375,0.02893805927822214,0.03240249512969107,-0.0032116742241175547
2023-10-09,-0.0035471058215510295,-0.001777400268954348,0.005372499447782864,-0.0010278179978854228,0.00529777479675006
2023-10-10,0.002606760858271575,-0.0031833681802927107,-0.00037538851746703704,0.007761889048701051,0.0022270477624520666
2023-10-11,-0.005246469232563334,-0.006789773108729579,0.004456528397517107,0.006835095850381761,0.018956469033158813
2023-10-12,-0.004713523655161908,0.0035420727996859644,0.008135345940709991,-0.0011004410655025979,-0.008032453771791896
2023-10-13,-0.0012050011978475047,-0.0009931743344517821,0.004986611682895216,-0.018657149545496923,-0.009280171247855329
2023-10-16,0.002659630169979486,0.004827800300747065,0.004720251121837148,-0.014488748618785428,0.00880999688402781
2023-10-17,0.002191501538124612,0.0030459483497262277,0.003048706123016182,-0.014856111173912058,-0.010496517400733566
2023-10-18,0.001994974968370634,-0.002358568585908389,-0.010923081978340493,0.006019440592779565,-0.010359787672598701
2023-10-19,-0.002364038109779136,0.018573061802994936,0.011506165866366897,0.005822944374386248,0.0033707114389104386
2023-10-20,0.002253965974150664,0.010814218949081416,0.012468081104913032,0.004891977106946775,-0.015193156368736018
2023-10-23,0.0015334446332808268,-0.0028112986982406244,-0.01714036815923503,-0.020356757525677973,0.0030649668457288677
2023-10-24,-0.0017625038898898687,-0.002307708677659883,-0.01228212252977014,-0.013164313819183178,-0.0008582838825287237
2023-10-25,0.002851339310546387,-0.008200699553356719,-0.0015716141864568736,-0.0062956783870612735,0.010638160108121955
2023-10-26,0.0005225350642117431,0.01748960591842005,0.015199525482187856,0.026943956955060987,0.023121772398034052
2023-10-27,0.0007691020104454543,-0.0006215829137554244,0.004006497990140333,-0.00963541372853856,0.005795017271983132
2023-10-30,-0.0015000400192898076,0.005113522327165997,0.002122423436691807,-0.011462215894215838,-0.005766761352015222
2023-10-31,-0.0013970560945229546,-0.008859272296212055,0.0015661896641149268,-0.01101266382886486,0.01020374084401653
2023-11-01,0.0005443487191811496,0.012964290735077053,0.0027804249666329986,0.00627914483770981,-0.005448716396037056
2023-11-02,-0.0023969906930081074,0.00952411555271724,-0.009932477724864802,-0.008952564543279588,0.014668950119452979
2023-11-03,-0.0016300545601147605,0.024984351806051287,0.012322142334208943,0.01859851195795686,0.007587389897543721
2023-11-06,0.0023756239169061937,-0.003482586997179745,0.002845771205384416,0.0061634577872221735,-0.010256788464269112
2023-11-07,-0.0015866874641207406,-0.006381245239151325,0.0030585065342548074,-0.012311802261310675,0.014363095400374707
2023-11-08,0.002364655093490233,-0.012770230711147943,-0.010962451453676128,-0.012513501642687969,-0.005992649133046693
2023-11-09,0.0016397594886770341,-0.007866659386025826,-0.00022591765948510017,-0.009462722515320012,-0.0021040607583254502
2023-11-10,0.00014134437526159736,-0.002206204662943797,0.0021738655468675856,-0.01713679946147556,-0.007332966816108999
2023-11-13,-0.004147323659028137,-0.0225918776411021,-0.009424057929870009,0.001623857106413097,-0.009895490003228775
2023-11-14,-0.005482374175254032,0.007464754133257821,0.004498095190137363,0.0049821690770253824,0.02512185010834226
2023-11-15,-0.0024900807126694603,-0.009094464039910169,-0.014012038510874084,-0.035925277190053014,0.014751339544220476
2023-11-16,0.0002822369498378586,-0.011118569938200477,-0.009875512069061997,-0.00368352787973192,-0.0037690873576480756
2023-11-17,-0.004096192564409559,0.009703893716822566,0.008287717381586355,-0.0005925019328104021,0.004833621012944911
2023-11-20,0.0007200366414534321,0.002210153176219361,0.014245791898105634,0.019590807151834446,0.0011758614886689847
2023-11-21,-0.005610654262502825,0.00212231687977011,0.00934315479191863,-0.004458837069138966,0.012828029767823006
2023-11-22,0.0007954169995029551,-0.01547850381903393,-0.006638598909427385,-0.014606715775976989,0.005199633519241904
2023-11-23,0.0034390899065610903,-0.004367964558753084,0.0004905657738363894,-0.02538950130271276,0.013652033236002703
2023-11-24,0.0022476990108220704,-0.0023744580870721193,-0.0006425502516690586,0.0007219450407176859,-0.016699575562317902
2023-11-27,0.009255622525097325,0.010616605122598415,0.016262709527345254,0.022776789860966644,0.007948221581105721
2023-11-28,0.002243419513670606,0.007263064159017055,0.010188416362487655,-0.011802636167895553,0.013247923862090885
2023-11-29,-0.0034292646203720935,-0.0014966996049145197,-0.0061322576312692004,-0.005212379349091911,-0.010217289421133757
2023-11-30,0.000676486008629504,-0.005108735224685778,0.0007837361827460151,0.00715538448289119,0.0004098382242231553
2023-12-01,0.00010111128414505261,9.609313101938263e-05,-0.010936384117248055,-0.0020342504157298867,0.009799704763615061
2023-12-04,-0.0030096004892832626,-0.006132181254395543,-0.01284420491720924,0.015259314816356206,-0.00182364921433003
2023-12-05,0.0022547194954851725,-0.00040985555036855844,0.01074437537277849,0.001469089339634718,0.00031498546234852605
2023-12-06,-0.0008511617320763939,-0.012738936444613337,-0.0009628889859998706,-0.008165499943400524,-0.012427591487995325
2023-12-07,0.0037390490764306504,0.0006026905120866738,0.006460334617365452,-0.00180275587362378,-0.016751303958690174
2023-12-08,-0.002007795942087366,-0.003869629846424048,-0.004474808979870284,0.0010351078545188315,0.012642952184720752
2023-12-11,-0.0004198534128237563,-0.010687950102159676,-0.0035393911383514243,-0.006411047334717194,0.0021324784594058525
2023-12-12,0.008737054660576586,0.012567718989267002,0.004629948004442046,0.017618483720427743,-0.026384017159891925
2023-12-13,0.0033775121411828883,0.01897842343283109,0.017101250025752458,0.0006976058348117967,0.0026259224885744593
2023-12-14,0.0011084817033076455,-0.001517691375073502,0.00359633327077906,0.0036229397487155743,0.014523029774202821
2023-12-15,0.0018240181837307847,0.01732975117009264,0.013417556637366544,0.0032894366193085573,-0.001192407689174359
2023-12-18,0.0016558041928298533,0.004558695876909411,0.005104937910688383,0.002647986814225846,-0.015652449023851586
2023-12-19,-0.004673909087168322,-0.03553581352689055,-0.027355838247944138,-0.036146640882097056,0.001736340462307185
2023-12-20,-0.004763524720470192,-0.001242803562739701,0.004541106696236233,-0.0028691634993561494,-0.015115473355831776
2023-12-21,-0.002123386923377873,-0.005838113135532791,-0.0043509062351163065,-0.0191943999752678,-0.0075484398590814315
2023-12-22,0.0009185093357702662,-0.00415659579583088,-0.011036735613350328,-0.0005656269861896194,-0.006712616497288864
2023-12-25,0.0038025895018992837,0.012294422614844128,-0.0036683972434630855,0.004806868409881542,-0.009206981193473433
2023-12-26,0.0029211152949058525,0.0030442430722087575,-0.0008871213917500886,-0.002413942809686825,0.013425559207879774
2023-12-27,-0.007636564146961375,0.003980035049326592,-0.0038951858398500647,-0.010306861713728428,-0.004387669266871822
2023-12-28,-0.0010312682579225734,-0.0055580524961896536,-0.002100866289346921,-0.008483779208033298,0.0023415151716843666
2023-12-29,-0.00265800389555768,0.00493133391778046,0.012118999596772938,-0.0031560261629120703,-0.0006961780036315536
2024-01-01,-0.0050183691534857475,-0.02301322944091932,-0.016497468128500385,-0.004198885498226447,0.0023287204361231006
2024-01-02,-0.0015321799579198876,0.000633952457967006,-0.005499425821424927,0.005378082924649012,-0.008065175808703622
2024-01-03,-0.004711110316966558,-0.002336993391666,0.004324041203923873,0.006519365447478901,-0.002206761248615987
2024-01-04,0.001741137685723288,0.014290673362093435,0.006001877056769744,-0.006531379331152941,0.008464667231861867
2024-01-05,0.0032751766115270663,-0.005956066433081732,-0.008020758083377757,0.0003578663660266334,0.0016514427388502188
2024-01-08,0.0008071595751261421,-0.010267221755576606,-0.010438533690428591,-0.014624099524779452,-0.005451693224823083
2024-01-09,0.00026575457848900896,-0.007579071017422336,0.003596952309396909,-0.01032390406181181,-0.00624497837755338
2024-01-10,-0.0010003883519966324,-0.020852227561675606,-0.02144832178847308,-0.018234433966932875,-0.009282679213019604
2024-01-11,-0.0012202615493021852,0.0038318786365241658,-0.004022813205087412,-0.00870464898895423,0.0029135082451368743
2024-01-12,0.003852117640295539,0.010189910038220363,0.010637863119502934,-0.008164031325877211,0.0028457752437574474
2024-01-15,0.0005156430171823444,-0.015963047021997984,-0.020862632399937,-0.001532029311498763,0.0026325043836389556
2024-01-16,0.001427804331052941,0.004925369390822448,-0.0007252934488791759,-0.0002691262820253747,0.0029287916682971746
2024-01-17,0.0032192148105378285,-9.90117325247264e-05,-0.0039034524444578147,-0.009548442002432779,-0.004063415952432655
2024-01-18,-0.005378087240946969,-0.006652151358342789,-0.007327570446078433,-0.016633189567785565,-0.007564978812060748
2024-01-19,-0.0021159775703399903,0.001111204733437612,0.003116215223725687,0.004154747581634015,-0.0028044178226787238
2024-01-22,-0.004901048207869006,0.014863858903856672,0.005422965821185226,0.02849456841540727,-0.006225881194645531
2024-01-23,0.003000498428808505,0.005641988319742459,-0.003340001203568235,0.0015303626744430881,-0.001405609588841309
2024-01-24,-0.003111380650129521,0.0017332194024716604,0.0004961319677056559,-0.0073960259964529285,0.0077948630758248386
2024-01-25,-0.000904936245270982,0.019235775655858975,0.02832170601759123,0.037002735469153114,0.010283780007796391
2024-01-26,-0.0040491999426252165,-0.004087072656798022,-0.013769221817345464,-0.022147837175652548,-0.004551991195009162
2024-01-29,0.0004376051930132488,-0.02065925473571831,-0.0063369405691581625,-0.021702746942623273,0.00576406801268762
2024-01-30,-0.0020479327158732224,0.01113067324723684,0.008209027205153556,0.007411382639905226,0.02115308598608748
2024-01-31,0.0016424264699514508,0.00022468867108055662,-0.0018509032565280441,-0.0002500388627455982,0.017118974557375037
2024-02-01,0.0029015667614443767,0.01120260811859685,0.012320402629361142,0.018693818270453126,-0.004032629199325487
2024-02-02,-0.0003852332055188386,0.011470593318123048,0.00331685554719764,0.02632870153789841,0.0036523098035105657
2024-02-05,-0.0038220982469811616,0.013025525504502542,0.008355701778240689,0.023389638859741414,-3.955185805814903e-05
2024-02-06,-0.00013727188731485056,0.021126148959009303,0.012985905614988821,0.024498866987412136,0.0030886707755902014
2024-02-07,-5.30324012664213e-05,0.008440118343788279,-0.0008953447852198867,0.014669012936351141,-0.0005651894595188285
2024-02-08,0.005077870122839237,-0.026890989321253438,-0.012822290647429457,-0.018969576205091137,-1.3526669706597015e-05
2024-02-09,-0.0018309401807286095,0.012838025523943425,0.02212525935850348,0.017389342337897802,0.0030813055765225848
2024-02-12,0.001658197024071405,0.014661300351791338,0.007197324197340101,-0.002741745771394264,-0.0014207886868468633
2024-02-13,0.003842630286140363,0.0033576644429880653,0.0038557432502073683,0.020216366087051785,-0.017117031398849618
2024-02-14,-0.0003666166506547738,-0.0013714462199343625,0.003176761149892994,0.003337000896055214,0.0015864868363508868
2024-02-15,0.0009082427474335893,-0.00033269216992273007,0.0014893743066055959,-0.010446162755041684,-0.013045532214070565
2024-02-16,0.002143410176257632,-0.0018488501165297893,-0.0029654878801577216,-0.014140362494779775,-0.00014447073184288166
2024-02-19,0.0010934872230637322,-0.004252190191710178,-0.0031942940932914938,-0.002236208646086758,-0.010758868482001333
2024-02-20,3.05516107470997e-05,-0.002185471602010413,-0.0026864141862288277,0.009001347389433494,-0.015831213789060678
2024-02-21,-0.001725161231664163,0.012385522597415233,0.0029977420226811355,0.015190757201036194,0.014321762010526602
2024-02-22,-0.0038944810629599914,0.007765537306239389,-0.0007548805803730756,0.011090555976997683,0.019283235649795543
2024-02-23,-0.0010125419909300716,0.008814530402095237,0.005110535479136702,0.007256547137097086,0.01402937173072436
2024-02-26,-0.0035417770205527733,-0.0005718502872257147,0.012211484867404029,-0.0035055718295510484,0.0062270389432100975
2024-02-27,0.0021989704301645374,0.018516131791595468,0.02373377175447619,0.013352857891128141,0.009005806824665608
2024-02-28,-0.003726311399884467,0.012929275861578686,0.005393749773336936,0.016241708673079214,-0.0004479496886885801
2024-02-29,0.0025238280972026995,-0.021091215729849042,-0.006272892964224086,-0.014293129116357817,-0.005329507758072197
2024-03-01,-0.0009794756863454003,-0.014180308413269118,-0.008859520810150737,-0.008178423035021197,0.016885921960744947
2024-03-04,0.0006013770408241291,-0.0034449419819426344,0.0007412209264722472,-0.0035371896564196544,-0.008238204469098322
2024-03-05,0.00010067101384501106,-0.0071019144919856544,-0.005541692040400508,-0.003995661750982157,0.000762328268952513
2024-03-06,0.001865156504245422,0.011806965579360543,0.007147974942681799,-0.0031537390455988485,-0.005161435857825844
2024-03-07,0.0008401783159213075,-0.0012384049705797795,-0.0027610682289724523,-0.014052446629313417,-0.005873383815510333
2024-03-08,-0.00027163217769320694,-0.014392344485019885,-0.004484386459269239,0.004565684060516323,-0.012089889988151376
2024-03-11,0.0047572064656846436,-0.010293185141560787,-0.012071777016096593,-0.029483509935909136,0.01811122381497987
2024-03-12,0.0017723638447397561,0.001974344556187081,0.0023909076239905084,0.01239752224666782,-0.005167443347845111
2024-03-13,-0.0063845263060134765,0.018002765883260708,0.012838532720122583,0.029451476855552997,0.010680776111511055
2024-03-14,-0.005109724634305042,0.009684184670743693,0.0007497490204593515,0.01853156874131768,-0.02203802972260087
2024-03-15,-0.007992420260485179,0.011274641908879916,0.01008665701172316,0.017302504683902795,0.006458960632738063
2024-03-18,0.00028479049304646665,0.021396963331786496,0.010767338244108034,0.016017346585965996,0.0027096848154575604
2024-03-19,-0.0015797749330774239,-0.003328830998209932,-0.00014703324525681597,-0.003987967016960011,-0.004208515248400429
2024-03-20,0.00016671157471510322,0.008461072424475968,-0.0007548979594742778,0.004218375930837713,0.003923076830154999
2024-03-21,0.0018263929766065023,0.013818592580545581,0.015287501592491561,0.02522968153431963,0.01536198559173605
2024-03-22,0.0009151043841932213,-0.00022764419276905575,-0.0050622674211561,-0.02966189699866185,-0.02718090261426665
2024-03-25,-0.0014852121560708787,0.005572270566377657,0.0006039419339128034,-0.0024571569379062894,0.0016666875956368008
2024-03-26,-0.003352767667298224,-0.0019401802470709268,-0.00026789116704245455,0.000574928293923049,-0.0014617450844265916
2024-03-27,0.001189169857753648,-0.005747565470431875,-0.005449039995701387,-0.004423581913310255,-0.028635225663444435
2024-03-28,-0.0008385978243797864,0.006371861387790527,0.011284837832602285,-0.0019958320496168535,0.008984683398208999
2024-03-29,-0.002451856675947532,0.009339929698030897,0.0016546577553148611,0.018737948436749932,-0.010559786500920126
2024-04-01,-0.0012527528205330532,-0.004258589599441794,0.0011831259194381833,-0.010173399095941827,0.005427222469831737
2024-04-02,-0.0009704982418841752,0.00026649523379755147,-0.0038820224775302143,-0.01783112841938798,0.0038870998434996362
2024-04-03,0.0018068644657499356,-0.014280398007684261,-0.011582124382485457,-0.008036634757669706,0.0010311130669166313
2024-04-04,0.0059537350468020014,0.002823439790343353,0.0037396924448307983,0.013755704183237804,0.0014135775457335964
2024-04-05,-0.003222268529808104,-0.0023925449898717175,-0.0070624699179710395,0.0020315972529137776,0.0015372334257192353
2024-04-08,-0.0019219783149645126,0.00939948396608499,0.013991096379576937,0.026652591862729228,-0.0037973136882997137
2024-04-09,0.0032080390710767393,-0.0032617088026527874,-0.008669571577187073,0.014290230780736091,0.002185215852170205
2024-04-10,0.010115824880145261,0.0003777100267492416,0.009969121872301541,-0.007788621910568584,0.0005128244750688578
2024-04-11,0.0015762545335629642,0.005993648986480009,0.004223406076889657,-0.012386600187240757,0.014092192493617229
2024-04-12,-0.002915661118627527,-0.005145133036489313,-0.007291485063969719,-0.010395140013406764,-0.010577027089921181
2024-04-15,0.004496690213410945,-0.028874832840601078,-0.02467372785780825,-0.03215861906051448,0.00279638888901159
2024-04-16,0.0027878785034435175,0.005427215823190434,0.0030715372220338614,0.012927503639867022,-0.0017614843709362854
2024-04-17,-0.0006116392620631606,-0.012034007230743387,-0.007847234014352084,-0.013491254399457732,-0.0006642224577981797
2024-04-18,0.004100868286264187,-0.012480967238494883,-0.008923385623980458,-0.0043428924313547316,-0.0068402188523639385
2024-04-19,0.00027958430098882424,0.012290304477497594,0.00917584083005487,0.006938241578950932,-0.005307095691398153
2024-04-22,-0.0006901214063748226,-0.007173682085574902,-0.005010722678740016,-0.01204413197082655,-0.002569491223921791
2024-04-23,-0.0020184556663599366,0.00809439340632239,-0.002819194986969034,0.013260145494428104,-0.02170281432414899
2024-04-24,0.001427587364377038,-0.006845278057802381,-0.007248237545224242,-0.014750807049279776,0.010641654280392508
2024-04-25,0.0019781745058604972,0.008262165943593318,0.00863374232971839,-0.0033416170282854034,0.003754307718930027
2024-04-26,0.001338228894551657,-0.012613113803972086,0.004126962315497295,0.007653431164919518,0.009129038239024143
2024-04-29,-0.003832187764553854,0.009925917937947445,0.011549714267291917,0.01772169014004005,-0.003220445959529125
2024-04-30,-0.0028441509568554726,-0.004237666094878038,0.004817365258340532,-0.007428831578759803,0.0014560035910422156
2024-05-01,-0.002820445195098497,-0.007642905142343965,0.003569104428752771,0.006188104191636657,0.008775610721775072
2024-05-02,0.003502121028952575,-0.0036815130147498814,-0.011541671916985852,0.002166521984577888,-0.006564740279502562
2024-05-03,-0.0016018248228807726,-0.015837877559263525,-0.010446933283530413,-0.021704844357451104,-0.010771371461060894
2024-05-06,-0.0017898840687294775,0.0022484889863641625,0.008922214308981017,0.0076367420067200015,-0.0008400897081502261
2024-05-07,0.0008477186119692616,-0.007668938219431813,0.010553578055913001,0.013451102650674441,0.0010074030308044944
2024-05-08,-0.0008253540505758169,-0.023881334194737355,-0.01834260835630428,-0.0313257280239535,0.005473398609207051
2024-05-09,-0.0014762639727061032,0.0003538091341876128,-0.0036887484363725197,-0.010197941922270798,-0.013559486672850967
2024-05-10,0.0013341452280156156,0.0006626645082266736,-0.0031131908615814126,-0.008863397171776291,-0.0013759464165531729
2024-05-13,0.005626716589399307,0.0075516122170064225,0.01582483605179068,-0.00058350274696481,-0.001168521754514706
2024-05-14,0.0008299425334512968,0.00032134712365053223,-0.0013378348716690889,-0.002692258297444545,0.0002041549929619155
2024-05-15,0.004954489507193013,-0.019909996215009832,-0.016631047197838793,-0.010260972235311501,-0.013775390164333072
2024-05-16,0.003583032703476376,0.004904495095157989,0.0022344765876806255,-0.0009060861761669226,0.01573289891555024
2024-05-17,-0.0015559224829488779,0.009576997953782484,-0.0009622450730187781,0.010399945235447353,-0.0022824931009328584
2024-05-20,-0.00440250867527119,0.017847778087799072,0.00758779063070132,0.010853220280710634,0.0020431834711669215
2024-05-21,-0.0012446978122246889,0.0040965186098901925,0.004278696091987409,0.02181547890885822,-0.0037823825375459803
2024-05-22,0.002324599478616493,-0.010271729219745408,-0.009998657374360198,-0.010023350885628685,-0.0005438838903090741
2024-05-23,-0.00013902721253788904,-0.014403493885206073,-0.025818326359827053,-0.023903669919160767,-0.016951986231423303
2024-05-24,0.006922810993420727,0.00604073601196101,-0.0047569889827296565,0.004383598938817296,-0.0024056554771100754
2024-05-27,-0.0017354650441680284,-0.019101059577407316,-0.01308423895993326,-0.014279937035653618,-0.013600153163890025
2024-05-28,0.0009065871168407406,0.019639157014864787,0.02731033045938274,0.00888891782785701,0.0018209238300824948
2024-05-29,-0.0012035543751565513,0.005303510757345378,0.008897224622988153,0.007926102139111721,0.004692365626367102
2024-05-30,0.003103685613241418,-0.019878298877687786,-0.007345048559340794,-0.025353259325219278,-0.004217667416835957
2024-05-31,-0.00023970670409456673,-0.0024271329558031474,0.00022047268031770103,-0.010438858985570435,0.01277301880522753
2024-06-03,0.0022149385979676976,0.015274924586321698,0.016456647020557005,0.010251944740710924,0.00515092561864809
2024-06-04,0.0007047542535837794,0.004516580738157626,-0.01076798561699206,-0.0020832979334153463,-0.00411888202595884
2024-06-05,0.0028004428350805258,0.005356709822881653,0.006255880658685426,0.0023670757995760796,-0.006826581874192549
2024-06-06,-0.003803714565738598,-0.020121726883192265,-0.0044676924440663,-0.015444620911751252,0.013516489848282836
2024-06-07,0.002927850938115228,0.003910841272382405,-0.004496087444512773,0.017994285352365358,0.012177606879834966
2024-06-10,-0.0025328133240698596,-0.011914526111896556,-0.007813726589916055,-0.003482349432356687,0.0016838781679068865
2024-06-11,-0.004033463390748419,0.0018805077981921248,0.0138881696765099,-0.012550707029161114,0.0014374334042025851
2024-06-12,-0.0029856861857187776,-0.007304276707532673,-0.005602959025101958,0.00829198749081342,-0.00545363347186621
2024-06-13,0.0029993302093598104,-0.0021476200883670323,-0.003036536907313579,0.0068755557914697025,0.017381871659609388
2024-06-14,-0.0007036966286059886,-0.013153786332152109,0.0065770416249794576,-0.00304582427134253,0.009276383000778439
2024-06-17,-0.0015478421507088627,-0.0026910479847183674,0.006034480834568404,-0.012367037388474394,0.0010887691545736974
2024-06-18,0.0007975447170229626,-0.014192579266186799,-0.008065298420941,-0.01238827561955301,-0.017676862343171403
2024-06-19,0.003277878247151661,-0.006106259035928184,-0.005926127915170658,0.0008591486474089408,-0.002994130324613532
2024-06-20,-0.0017235564058206113,0.010149828728382061,0.003074790371113114,0.01876357059445116,0.009608812779801608
2024-06-21,0.002916919710717495,0.017840312710974093,0.022611167461195167,0.01735040410440125,-0.006787015047609555
2024-06-24,-0.004645306652115091,-0.006357855219490948,-0.0013290031171740537,-0.005538608094186429,0.007450783668909506
2024-06-25,0.0020550089407731986,-0.01851920437754071,-0.010102501543236934,-0.023658226162733272,0.007800889861363417
2024-06-26,0.00504039520929535,0.0031685246694238777,-0.0010562750724591378,-0.014677434674652818,0.0008559769859125775
2024-06-27,-0.006202966924163411,-0.011726557414649164,-0.011563153622738949,-0.008724857622095426,-0.009323846992531784
2024-06-28,-0.003809861085123485,-0.0287780095534738,-0.02797613635613486,-0.03906261821267842,0.0033619837373485835
2024-07-01,-0.002312084530481262,0.008342386141067547,0.00361273451276215,-0.0006739997031144445,0.016356743018122944
2024-07-02,0.0029880751094985966,-0.007239607746460335,-0.002868278404415672,-0.003029704285400903,0.009081499805481081
2024-07-03,-0.00019020783879647967,0.004617910182833693,-0.007462801381917657,-0.009581427180043659,0.0058402894512235405
2024-07-04,-0.0025728036708030652,-0.006462501875688186,-0.01033340425475413,-0.0037414899788461705,-0.009761486661768851
2024-07-05,-0.0030836741161270097,-0.003678537913534769,-0.0016112112660371064,0.012623789327115942,0.0028915728769114244
2024-07-08,0.0019013628419993292,-0.004609836180422405,-0.004017814131937709,-0.008041864223474943,0.004332412103380081
2024-07-09,0.006752873340626857,-0.006263965823902687,-0.0015578302403534197,-0.011626616279533477,0.0028578202368508858
2024-07-10,0.000753481668042408,-0.011903180765964853,-0.015413143682022973,-0.007756240880554525,-0.003349972851392433
2024-07-11,-0.003634528388472783,-0.011795212267796288,7.111436392957771e-05,-0.01759663747798641,0.003623521155309454
2024-07-12,-0.0008005821153286413,-0.008463387054786204,0.005333047930906399,-0.0024035723520825173,-0.0034761185760073853
2024-07-15,0.002041613746472014,0.007411585980416079,-0.0024966265585923656,0.024307183909863982,-0.008238939442953582
2024-07-16,-0.004531605922151763,-0.025934032450916505,-0.015107940944580645,-0.00817380836752072,-0.0024655248930043248
2024-07-17,-0.003074891973314714,0.003786635397231533,-2.2050881496000455e-05,0.0025345554698450274,-0.005212919141876835
2024-07-18,-0.0014664910215512388,-0.02096909063725385,-0.015646701524523667,-0.009666519972426763,-0.0015314685395889163
2024-07-19,0.000777250009268683,0.010070847700926172,0.009116420195117261,0.012737460665876367,-0.008440381901231806
2024-07-22,-0.003244322650829426,0.007506009236271924,-0.00038857613448402696,0.015253432612712454,0.00040891342050906735
2024-07-23,0.0006795470885814884,0.009866524001404565,0.011785458126611264,0.03394091785336208,-0.0035441525270148828
2024-07-24,0.00019732425712715385,0.010839266781406516,0.007040027199795016,0.02604352731502712,-0.004965386482443213
2024-07-25,-0.0050565984230927785,0.004877620987607723,0.005730366889064451,0.012127715046553569,0.0034136745841837333
2024-07-26,0.003967875709458705,-0.008537500872998966,-0.01220562261548691,-0.01829262289637863,-0.014497443625965497
2024-07-29,-0.004055766587017176,-0.013504908820102147,-0.0058498021633890725,-0.006765448174640935,0.01597155257436836
2024-07-30,0.004110675588193187,0.0009275011525318028,-0.0018875484889650145,-0.005972217018447406,0.004491502896078724
2024-07-31,0.004141686829031663,-0.009843195659093886,-0.008415897618282321,-0.013801628309344723,0.010773394318547201
2024-08-01,0.000711496601204012,-0.00030996718562474124,-0.008181455827881264,-0.007104474782044923,0.005071137498942244
2024-08-02,-0.0003818264814718194,-0.007126513225954341,-0.004692842339973741,-0.004319145196183797,-0.009557537481769079
2024-08-05,0.005670182542503827,0.005402970890963623,0.007970118964356232,0.0010911437817727493,-0.0020847216826306077
2024-08-06,0.000163087872298658,-0.01794093447828738,-0.02094986605727363,-0.017518644220605565,0.014077456814334569
2024-08-07,0.0021203772296511363,-0.005632613084597682,0.0004051951205453046,-0.001950160876769617,0.0034013701775162204
2024-08-08,-0.0013764754398688569,0.005829953183921986,0.009931176863257875,0.014240653820054535,-0.0064761858894404264
2024-08-09,-0.0015130343711527478,-0.01244382722200791,-0.013648175311143429,-0.018446324868316634,-0.0069716479999444355
2024-08-12,-0.002427551699511088,-0.0021090996272843123,0.007129719034567683,-0.004410903024200544,0.006052964797457241
2024-08-13,0.0007161144601635121,-0.0067740653341684005,-0.010351841273209497,-0.009432417623398066,-0.007665030971099228
2024-08-14,-0.001977635228637673,-0.015541641787273472,-0.00427104895669363,-0.013377022922604212,0.02280453353997263
2024-08-15,-0.001354378328616437,-0.006413301616100275,0.004972855938116187,-0.015732195546559715,-0.00539621281349308
2024-08-16,0.002439886515592695,0.01312805012694752,0.017499199400563024,-0.006154407147906997,0.012604412762580057
2024-08-19,0.005938437292697184,-0.00882307792831365,-0.007798177411847535,-0.009169504497112159,-0.003696016767959527
2024-08-20,0.0038796244619276323,0.0030219408311256252,-0.007871669848549308,0.00450144096111493,-0.005097609170404562
2024-08-21,-0.0012534881861386283,-0.006260676281360227,-0.010873711474328484,-0.007844502851058493,-0.0025891272810850676
2024-08-22,0.002985965171140868,-0.00770400015877251,-0.002693934055282804,-0.006718676178965753,0.009557498977152313
2024-08-23,0.004273190377614416,0.01179001852689125,0.019688994609127007,-0.0017239055147844054,0.025806836046137052
2024-08-26,0.0005016911981124425,-0.002664494336543005,-0.0001681451089836348,-0.009649280032082104,0.0037743770121944934
2024-08-27,0.0017620349480219023,-0.011983255668514844,-0.010159114320560334,0.008359244107801983,0.0054737709045918825
2024-08-28,-0.003454983455782869,0.0023510190409306354,0.004199667780190005,-0.009971339905366559,0.02665741265453977
2024-08-29,0.003402436771573471,0.00565397984702432,-0.009211761796661565,-0.010214188012370761,0.002299296066839679
2024-08-30,0.0019333117817546652,-0.006639095238128086,0.001195331022889129,-0.006309628012502489,-0.009629261448907566
2024-09-02,0.0003105863961520828,0.0034428674240789144,0.012049923487589721,-0.002566738769410256,0.007717184722103069
2024-09-03,-0.006810277643309234,0.004255790803048464,0.005910506107815242,0.013163882037504095,-0.010548993616079019
2024-09-04,-0.006361320823829231,-0.0038664351871131038,-0.010374359142262625,0.0006442814644784733,-0.012031430888942624
2024-09-05,0.004614199511302345,0.022510419395912497,0.017608446171245996,0.014123449572530504,-0.019476474201766143
2024-09-06,-0.0020909616082901194,-0.0067359576114983345,-0.007590949729305874,-0.0008531814446987706,-0.02458717493823886
2024-09-09,0.0027748334446538354,0.008049511080667076,0.004223507130875983,0.018063078002266184,0.0038758531207871826
2024-09-10,0.0014779874924442547,0.008861230557037959,0.002023101938843765,0.003956563792157653,-0.009989988309359496
2024-09-11,-0.007634240688292132,-0.0028234936128197882,-0.0018410692139787248,0.004541905724757205,-0.012818016132598444
2024-09-12,-0.005011756102580618,0.01803757814774778,0.013944611981955343,0.0057854915182620915,0.012289242029832254
2024-09-13,-0.003621356275742364,0.0013621723783174946,-0.007289528405062565,-0.005083928883304989,0.003288424365176831
2024-09-16,0.0009442792090950689,0.001516171457275708,0.006762690768779032,0.01241330411086577,-0.010804953930814938
2024-09-17,-0.002708603924890189,-0.01242976894916805,-0.010755227359892672,-0.013941295682510148,-0.005040045394239317
2024-09-18,0.002463316884776332,0.02728332242567828,0.014759830781332155,0.02857422634986152,-0.003968052985829898
2024-09-19,0.00231606323920439,0.01320988107615354,0.01872973164155759,0.026539199029938256,0.009074582413800492
2024-09-20,-0.004577998360769492,-0.003442675828008578,-0.010477822178699863,0.0157879705713378,-0.0009026895184208306
2024-09-23,-0.0016201476548953076,-0.008179256839268756,-0.006812847507563766,-0.004255468863876627,-0.010420754668510127
2024-09-24,-0.004331169470171907,-0.005116362309310198,-0.00719443651987171,-0.007016302816860683,-0.007494748870748824
2024-09-25,-0.0016805295362195794,-0.00035647253934085,-0.010037755768197291,-0.010855575612894394,0.006461702338215175
2024-09-26,0.001810453981276097,0.011629269268248338,0.013124961135917995,0.0046833209057034145,0.012535757395114828
2024-09-27,-0.005275412228463019,-0.0001050220611701194,-0.001982600340405678,-0.005464892548545012,0.0035615501692886488
2024-09-30,-0.000922987039837024,-0.010272216995408607,-0.0008169894608247815,-0.018287180796357282,-0.0007697402333781425
2024-10-01,0.0027876693753363137,-0.023545161205729817,-0.015977077833303748,-0.016973210957496335,-0.001308821826153564
2024-10-02,-0.002883768463215559,0.002655000788324252,0.0012414926649298315,0.018717508370210776,0.00027751728994084484
2024-10-03,0.002089392816939008,0.016811000411780002,0.007128708398542545,0.005697547710704774,0.013844048896526254
2024-10-04,-0.0011134029307252697,-0.0054238328303065336,-0.004968380377966026,-0.01288753555363262,-0.012443564730258098
2024-10-07,-0.0002988870803491415,0.010003284684562285,0.015497252332507764,0.01408439657484343,-0.008146446068460904
2024-10-08,-0.002219063199633318,0.012443730973945789,0.005731445822025016,0.022419148215446882,0.01156321461087734
2024-10-09,0.003474156749108166,0.007034184380194858,0.009640737990635037,0.006777013559081491,0.005843283534022195
2024-10-10,0.0007662388420919582,0.01490689168319389,0.010678299844609261,0.03291782627465638,0.008358479343125934
2024-10-11,-0.0012062820309892267,-0.005341412281545539,-0.009730687047019404,-0.005826193275749253,-0.002576300837364891
2024-10-14,-0.0027028837461942415,-0.005249193862615944,-0.010722583090756235,0.0036611093463181123,0.0072593427793232555
2024-10-15,-0.0005053581124237921,0.009683885543513078,0.009077796132654003,0.013994989333741721,-0.00108743092956209
2024-10-16,-0.0053166595054753175,-0.015328476430042553,-0.0180822672259976,-0.012863054630558557,0.011400954301134476
2024-10-17,-0.0003272177781783454,0.009011281349797317,0.0018224114868064993,-0.01789407541974613,0.005598941784861166
2024-10-18,-0.004969505088863815,-0.011001714511458524,-0.00666060332204715,-0.0130913980555206,0.0004745951065120504
2024-10-21,-0.0008312626219744968,0.0072116819217030595,0.015961048999936136,0.005140665236101877,0.014112287975116598
2024-10-22,0.0006376945170766314,0.023341923720301822,0.024264004834092658,0.02087195285078583,0.005996488940958596
2024-10-23,-0.006939248518425264,-0.018310319715460228,-0.026133019905034926,-0.017719751715117915,-0.00434208072948383
2024-10-24,0.002002348795465662,0.003861253600230766,0.009162033407220114,-0.008792730505659176,0.00692115182634236
2024-10-25,-0.006511195736821701,-0.0109567072631881,-0.0026905704059028155,-0.021490860395223837,0.013361078832209584
2024-10-28,-0.0022626085095947927,0.01223771919135778,-0.00011722303717681958,0.005567091910554473,-0.0034263116251114184
2024-10-29,0.007669956419107953,-0.0011792309615583363,-0.005142041381770209,-0.005947415400339814,0.00431117127667949
2024-10-30,0.000274042892644703,0.0007007049399347142,-0.0029561028211406194,0.009880881508115358,0.005052598518192801
2024-10-31,-0.0007768691384662987,-0.017677757171628287,-0.014307248382983877,-0.022314064374306136,0.014185674287944084
2024-11-01,-0.0018814597797113593,-0.0017347359526573218,0.005852898350922186,0.010111762532704205,0.004049057516362483
2024-11-04,-0.00011192523770007335,-0.005722474128194613,0.00027946179792513753,-0.01048111929448781,-0.009471360732555443
2024-11-05,0.0007900376200151393,-0.008013676368195447,-0.002872571620462874,-0.012103162928418853,-0.001604398463790764
2024-11-06,0.0020691401457754517,-0.004643584732828215,0.0066831830902121265,0.005995765233039356,-0.005795480486194257
2024-11-07,-0.0012573980025385387,0.0018510636975156863,0.0018694383696231708,0.005898651113015932,-0.0014300218832228053
2024-11-08,0.0012232825594458306,-0.017384478384862737,-0.008254606347641323,-0.002320101185145697,-0.0037740785789724045
2024-11-11,-0.0005589220390944856,-0.0034534282789494804,-0.0005882900025527763,0.01367400912982848,-0.0038197012865191647
2024-11-12,0.0001866954439370441,-0.011078659610899894,-0.0031577654046371444,-0.0033561803241116033,-0.004397227748148628
2024-11-13,-0.0014094568261415453,0.0015677593847690362,0.0025010270258196657,0.019728986882434837,0.009911432082693218
2024-11-14,-0.00015145632887186557,-0.0006636480691629589,0.006349708126900345,-0.009147662373729815,0.02423614667337863
2024-11-15,0.0019392301506313825,0.018226899114750842,0.008326598178591445,0.02731202626622655,0.002665460099673668
2024-11-18,-0.004509753700460647,0.006298459730772791,0.008976600122495402,-0.006208706762894591,-0.009285537532033436
2024-11-19,0.005844172657489978,-0.004497446546906277,-0.006501888835911679,-0.012768069663911242,0.0034172008552224658
2024-11-20,0.00028873387075144025,-0.0010772451521420716,0.0086727252456159,0.0028151429352020847,0.008536297065121663
2024-11-21,0.00028250834050651274,-0.012075425573411545,-0.016935472013517847,-0.023433201761643284,0.010287779029582743
2024-11-22,0.002374945141412627,0.021272798463595977,0.020913121714974718,0.015402411739726648,-0.009961041107207715
2024-11-25,0.000585496446226642,0.019639696042788382,0.0020954945818845855,-0.009137169912922287,0.014329968610253164
2024-11-26,0.0006206208764163901,-0.0029377036622756274,0.006799976812675152,-0.00782276719929381,-0.016848543838882745
2024-11-27,0.002040255744818645,0.0053609525844229775,0.008096154709515148,0.020238447123237576,-0.002355491359351319
2024-11-28,-0.004190353290521774,0.0035422454727522604,0.0007018277601621144,0.011512600007142663,0.010437855991680322
2024-11-29,-0.0003095305662717569,0.008096269561217274,-0.0014453050190113806,0.00939287444389961,-0.005633080345859311
2024-12-02,-0.001640387503223521,0.004598622566087256,-0.001646036552231197,0.01195015797219961,0.007254144072204819
2024-12-03,-0.003732147477970584,0.0011714451969698377,-0.0031480968173784067,0.01073825550940086,-0.005609514382990741
2024-12-04,-0.0005096695661471255,-0.0026315318699879713,0.000292338842004818,0.019028710307060225,0.009376579372988117
2024-12-05,0.0009701875141279396,0.0069701081575234336,0.003415507941108109,0.01745111817748393,-0.0062276597300883535
2024-12-06,0.00963397345307338,0.019622907236878255,0.012786452572067277,0.036401209216388064,-0.015781184307549368
2024-12-09,-9.142287551475625e-05,0.008645480105450569,0.010978980842177168,0.00037620205284600265,-0.0070321395508917426
2024-12-10,-0.0005092037024899728,0.00022784060195985126,-0.0005151612973778392,-0.0010851841940001685,-0.021123344951281695
2024-12-11,-0.00047631760228228554,-0.0358477380601739,-0.026690854016192107,-0.05382509053534462,-0.02577242333992844
2024-12-12,0.004711744011989733,-0.0006590159217870392,-0.003368577145189771,0.005043361588257173,-0.0022852798856159693
2024-12-13,-0.0042415917449103715,-0.013393504076534984,-0.008782995567399256,-0.00188835291335407,-0.0019916840536331436
2024-12-16,-0.002309699866099103,0.006178244496660221,-0.0005450589244284519,0.010210312137759643,0.005292413631050474
2024-12-17,-0.004059410614683492,-0.015392692849091135,-0.012997360104763154,-0.026121464873746468,-0.00450391025217859
2024-12-18,-0.00021678950081865597,0.0074896856739613575,0.006519936579197756,0.009015823128096428,0.008083824707466805
2024-12-19,-0.003018894425819211,0.004258210191199975,-0.007082242124603882,-0.00405395593808869,-0.001836836974851817
2024-12-20,-0.003148681128778222,-0.008692698589397007,-0.014414806230579747,-0.004927154400948099,-0.003094728181506864
2024-12-23,0.001222707852365268,-0.021808906476391526,-0.007146728756107269,-0.015094998150113866,-0.005797972013756281
2024-12-24,-0.0006985900593691185,-0.008380963943414695,-0.005207269383916869,-0.014526679342095127,-0.006225649088041118
2024-12-25,0.004268173134341742,1.2644311509402769e-05,-0.00100735956626332,0.031138805721877647,0.008406327060115895
2024-12-26,0.00252547165663402,-0.0036216482175001996,-0.013414577998079918,-0.019171915153408516,0.005307076632093403
2024-12-27,0.0025570502691308547,-0.012896805095177544,-0.019069451830564826,-0.022370345981204846,0.007795611575578109
2024-12-30,-0.0032976200597470973,0.0022353157387644358,0.00897655730798122,0.015187303361436082,-0.0035766087307349858
2024-12-31,-0.0007354475209848831,-0.0052748331123953895,0.007730221610729993,0.006520747467006573,0.005087197966680498
2025-01-01,-0.0028908967043551476,0.021512103846154748,0.0034494503571338873,0.031572292550803106,0.003649950797099754
2025-01-02,-0.001292220341051892,-0.0004328290478749536,-0.004833595532327834,0.0009576681942698368,0.013393366107772144
2025-01-03,0.0050862794169155845,0.0029155142880116732,0.0006616872590023116,-0.009484022760184525,0.010365245584841263
2025-01-06,-0.006808965989310989,0.0062751445071221445,0.013397192893713767,0.012435647879908156,-0.0004341901006323538
2025-01-07,0.0025340435231609292,-0.014636488578918238,-0.010948023871411243,-0.020136003071426063,0.004491212738609331
2025-01-08,-2.3600444891872614e-05,-0.00355213404592399,-0.006228275841062364,0.005649000311871049,0.005074882627298537
2025-01-09,-0.0011420352239048842,0.02377144334603286,0.006748659326440811,0.028024993301609485,-0.005530578882833175
2025-01-10,0.0010771762155322104,0.012384650666994077,0.0017124576740171233,0.02442619321550411,0.008934226466531841
2025-01-13,0.0012091176972002177,-0.007026406923063906,0.002643258368745876,0.00624550314455174,0.015416559979395415
2025-01-14,-0.002526490229709049,-0.023962003962989996,-0.018824880407267305,0.006117138563012662,-0.00875622976889383
2025-01-15,0.00542266761420674,-0.009639723757376128,-0.016531468426650042,-0.011574638451172924,-0.004090870366898694
2025-01-16,0.00035573077102197723,0.004361710237563813,0.007475010063703153,0.002634903350184875,0.001454485715334717
2025-01-17,0.0012027598323069207,0.022739110129697312,0.026262655733444776,0.03089729382544178,-0.004506596297370241
2025-01-20,0.0009557318450844936,-0.007297249484351409,0.0006414099118504418,-0.00510407530367904,-0.0034745897162187464
2025-01-21,-0.0025475902590694887,-0.006896812106745344,-0.007713523829013809,-0.004421916879256686,0.002246191908778708
2025-01-22,-0.0034901857348840354,0.02257193071138621,0.015779135398802602,0.02546767409333394,0.013087042121503573
2025-01-23,-0.004621186800441816,0.009505477776802574,0.013430253536588825,0.02087314114491908,-0.004642084033708823
2025-01-24,0.0020248176642019946,0.004772337294768328,0.012458297236673474,0.011610635613090604,-0.004338538268195007
2025-01-27,0.004871212672430288,-0.005485481034998098,-0.001157023188063826,-0.00209626136674661,-0.00261719442340859
2025-01-28,-0.0026261825329637924,9.305401555079765e-05,-0.0015756129808685397,-0.007444119154653106,0.015914726562305654
2025-01-29,0.002171111194580618,0.021639418837730098,0.0067844501435995845,0.011394530258502745,0.01639473596924087
2025-01-30,0.00037038351594841275,-0.014018474033100359,-0.013116213452399689,-0.02705542780969192,0.004675957113646123
2025-01-31,-0.00035495175318911746,-0.022868672453877355,-0.012925060448370178,-0.0039163449823199,0.004749740812528482
2025-02-03,0.00038290477945481866,-0.005197775128724521,0.009988082274894509,-0.009472455016769769,-0.002806016374058423
2025-02-04,0.0030369314027714938,0.020581981018282947,0.014141735092443423,0.02218696719799325,0.009002310089022773
2025-02-05,-0.0020595336814157412,-0.00947254332249493,-0.006702049923011544,-0.02096893730713763,0.007455592349772937
2025-02-06,0.002928786125848384,0.01845507274431413,0.009093608826348546,-0.0016378713846292917,0.005235771312341959
2025-02-07,0.006413796807375162,-0.0010217843281350807,-0.0036570621854288107,-0.004474620031803601,-0.012932445352914606
2025-02-10,-0.0006064805002969802,0.006252359814571546,0.013450936797771738,0.017582138031795414,-0.0006413395589428671
2025-02-11,-0.005412520293451232,-0.0013356766021404812,-0.008730049516668226,0.001495804735600321,-0.000566290233596034
2025-02-12,0.0011638621358956217,0.005090594425006205,0.007125581214501398,0.005259341347773102,-0.005917584648627331
2025-02-13,0.002341391874149697,-0.004002809456983708,-0.0028100821919977846,-0.011981382851315274,-0.020590751629927594
2025-02-14,-0.0008348213726478699,0.00012096601468057774,-0.011464655409961414,0.010737549321473685,0.0033266113064790116
2025-02-17,8.408897177748453e-05,-0.005096454520409689,-0.008409710210236484,-0.0016310182031694096,0.01067542095619908
2025-02-18,-0.0007493679966599361,-0.013030646496984755,-0.006616936678073136,-0.005034582207626974,-0.019776080205334542
2025-02-19,0.002721619742685941,-0.008231552256145646,-0.006695133019100734,7.670514014219846e-06,-0.0050510433744069385
2025-02-20,0.0020568760566217576,-0.020762294999522302,-0.01699317827446639,0.0066434450133927405,0.0023249497499543467
2025-02-21,-7.030217221241949e-05,0.020515026279410212,0.008258156331644553,0.022642701545651515,-0.010194452318484763
2025-02-24,0.003652237688071356,0.002719257535114617,0.0065810299978534565,0.009870508381915812,0.006134747107559583
2025-02-25,0.0021482793201478122,0.017720275659623738,0.01564093665731054,0.022496988094589568,-0.0021165625386135914
2025-02-26,0.0027013900068937405,0.008359074485459493,0.000546817832194826,0.018121023989895204,0.009365342817434548
2025-02-27,-0.0010971333707044777,0.007900337000791657,-0.0002838986241530338,0.01547979824724371,-0.011761171541332383
2025-02-28,0.0017024541964945077,-0.014171211192482774,-0.010543547664242637,-0.006786354119078972,0.006631223369323337
2025-03-03,-0.005247491959488146,-0.007647815560643636,-0.011675294832684589,-0.018912090947125832,-0.01408713893690712
2025-03-04,0.00583867575286118,0.011586512693345435,0.015371201316894982,-0.008061702574284698,0.0027080472107411857
2025-03-05,-0.0016132041969307823,0.011653109211163137,0.010991854255071784,0.03292577321995722,0.012249729500527115
2025-03-06,0.0028639840143911974,0.0044113482623392665,-0.005133546598163808,-0.0042138184208829884,0.003477862235863378
2025-03-07,-0.0005611568176339696,0.012663942835021159,0.005104323141655397,0.005845333944399966,-0.00818090824351594
2025-03-10,-0.0015770226069835634,-0.0010381466738610921,-0.010049641500003323,-0.021408442812297566,-0.015327866864888426
2025-03-11,-0.0022205916070298787,-0.02391461288626274,-0.015157986477581485,-0.015441960339461816,-0.0153894880456426
2025-03-12,-0.00014781090970896176,0.01943270380047268,0.012427715183044124,0.004437260561083503,0.0051181026377990916
2025-03-13,0.0012574275371042003,0.016808590054930676,0.009674684719539943,0.007680303067939474,-0.009381898897729356
2025-03-14,0.004178052009468726,0.005051718526518216,-0.009685001547122063,0.015419824093451487,-0.015891335246628308
2025-03-17,-0.0036503688140754097,-0.004351524330075457,-0.005832531883994517,0.0027157350301418217,0.011764192029861169
2025-03-18,-0.0010061111478686512,0.0010819641571603216,-0.007895499961075098,0.003130587495629617,0.029878274028989363
2025-03-19,0.005208568414804169,-0.00884536137124603,-0.009782774055663053,-0.0061163413398390865,0.005365652343808841
2025-03-20,-0.0010974724233037368,0.0009114012660092505,-0.00610275601212318,-0.011484843095254816,0.0009508305929383313
2025-03-21,-0.00449498633411343,-0.00043646820544494683,-0.008855949889137795,0.003978996859952501,-0.0068636071504730835
2025-03-24,-0.002360538725506554,0.003681926339740964,-0.005604676690462138,0.007977301457097342,0.002475815063149098
2025-03-25,-0.0023221100889709466,-0.020603201277503043,-0.019037367854783344,-0.020108009960525666,-0.008806071282918694
2025-03-26,0.0036048588190859005,0.007413646148544084,0.0018364140008717276,9.617958285665416e-05,-0.009389696586678662
2025-03-27,-0.0022542409582449463,-0.011022819923405529,-0.009782287632560057,-0.019797083045311442,0.009471914472562699
2025-03-28,0.004217731961172275,0.0040560643222822285,-0.004356040093387541,0.022832627902300194,0.005770146547822969
2025-03-31,0.0006974577944216475,-0.01809803208619876,-0.011026056260095986,-0.016404864848768855,-0.003501622025083401
2025-04-01,0.004730524964927654,-0.010701771525530071,-0.010328503769529446,-0.019094683048488735,-0.026320586410144068
2025-04-02,-0.003816488270443746,0.005443508884506574,0.011820295018376985,0.015834874666484085,0.018496488445572775
2025-04-03,-0.002846812189347913,-0.0068845991098534206,0.0016493598208173782,-0.0027981963297237693,-0.00911002276870927
2025-04-04,-0.0003625181664193522,-0.0019407447227250208,-0.013614881241932119,-0.0163761687361857,0.003232872052852791
2025-04-07,0.0024787389138072255,0.016913485645849234,0.022599786270810746,0.003293312914565703,0.0012500874143105715
2025-04-08,-0.007661110550373345,-0.0033833801887112164,-0.011059632369767149,0.0003074592963092388,0.0009509435339620873
2025-04-09,-0.00371813632766057,-0.007435627465085654,-0.008938959717515401,0.008221982235747018,-0.005215323672639914
2025-04-10,-0.0026790382614633127,-0.01045908257173804,-0.0015802609505530627,-0.0020624236275942134,0.0010701913669139012
2025-04-11,-0.003361501452557517,-0.002425612742165242,-0.00460430719748697,-0.0166305516774263,-0.01827218483324025
2025-04-14,-0.004712004877707979,0.01360677510781492,0.008149042030227299,0.02080576672862066,-0.01116814271682058
2025-04-15,0.0024339660266304297,-0.0064311298630707146,-0.014723742296195934,-0.002546056137379054,-0.0005117700843137903
2025-04-16,0.0007865604618871566,-0.00783370514711647,-0.010151113804350754,-0.02820944630072818,-0.007107890802088808
2025-04-17,0.0024193443337881797,0.007065036804934323,0.005658023481134089,0.005401190880440602,-0.00326710478988758
2025-04-18,0.0022617719346220023,-0.004244942627807877,-0.008363836397469522,0.013924013868787579,0.005558605522170122
2025-04-21,0.0025992235770041696,-0.001616899958854744,0.006812636896638838,0.02864880935070631,-0.010291928604107967
2025-04-22,-0.0006251004332114654,-0.017652234892299085,-0.01742145442547164,-0.024038837689258706,-0.006681907495948491
2025-04-23,0.0061443365559858566,0.011663140579195054,-0.0017486132896376541,-0.004286586110909471,-0.013689373331948888
2025-04-24,0.002326448123849565,0.00849425411596743,0.002889311643779302,0.0191015145043505,0.0005525263852026955
2025-04-25,-0.004278412906920895,-0.01538454494387908,-0.019883553176844582,-0.030700137456262273,0.008606627762411983
2025-04-28,7.215629712039436e-05,0.008505602957373445,0.0013191826498995262,0.008636706635664132,-0.007077703592607493
2025-04-29,-0.005260093892018755,0.014814469728001002,0.013180127092542737,0.022297190928141617,-0.005898750478781859
2025-04-30,0.002018926631132103,0.028581690306751173,0.009252001930248444,0.0081966871503061,0.0027176002452272653
2025-05-01,-0.001410207269129401,-0.0034738309895193135,-0.002120435225468903,-0.007960599190363684,0.004605054011417163
2025-05-02,-0.0055616566399013245,0.026304857826392098,0.023854669617972807,0.03012494481317267,0.008138541380269268
2025-05-05,0.003112250457407764,0.011155233481048797,0.016494585401935474,-0.0008064333411042185,-0.0068105926266920315
2025-05-06,0.0018296848635716535,-0.0010575663984287325,0.008042960757465866,-0.0002318347274591502,0.007903064453109834
2025-05-07,0.0059781927993434875,0.009407178129172024,0.0051173912076998545,0.005946927662704757,-0.0006562209308085662
2025-05-08,-0.0030994748719114645,-0.0031249769522361218,-0.004640671888586929,-0.021130380098711172,-0.001408877270948346
2025-05-09,-0.0071773408620708365,-0.0010209090406552318,0.00028296679070385455,-0.011156848168086807,0.010834257231615801
2025-05-12,-0.0015645352514283702,-0.017253525324529964,-0.006528350035110039,-0.0046570493687943665,0.0075264992220296706
2025-05-13,-0.00197276780758636,0.004505148209072443,-0.006982791787013205,-0.0012523522816779808,-0.006127882135493362
2025-05-14,0.0015081887565547636,0.007262127948263828,0.008161766092904548,0.019549000790198213,0.0019496559512358243
2025-05-15,0.009744119129796558,0.0011147918897248784,0.0045180606845219955,0.010103831823907903,-0.010146941907146063
2025-05-16,0.0026945145933129355,-0.020316758792518187,-0.017702159560228355,-0.025505134764798685,0.00942706928696866
2025-05-19,-0.0015032385524263228,-0.010142869280925934,-0.01566082378803099,-0.025931395583931482,0.01573194664917199
2025-05-20,0.001455468300788353,0.0121642026377237,0.013452674825713638,0.01754448105959208,-0.0025914104415116802
2025-05-21,0.0025717479540124256,-0.0024271814965709073,0.005246685637675903,0.001805711502139138,-0.000291279728789507
2025-05-22,-0.005071279298106803,0.010683587965770978,-0.00045368024847420446,0.02567645298463064,0.01429935323124987
2025-05-23,0.004014550436879757,-0.0011867463342262736,-0.0006835898764232992,0.01177936927225535,-0.022514110645468672
2025-05-26,0.005170059608006363,0.006404941940334276,0.011913251999142758,0.0004263019064172985,0.01369212939413492
2025-05-27,-0.0009914802937609239,0.003391357011453317,0.006957684668509857,0.0024352097360794524,-0.0024624521470903433
2025-05-28,0.0004541478794859682,-0.018904454566070514,-0.014776586893285934,-0.02523207560393988,0.006260025663640167
2025-05-29,0.0015706938449146597,-0.0118129604300906,-0.01025276605376173,-0.013275603268559573,-0.006552804574494426
2025-05-30,0.002023962538175092,0.016052186717579863,0.009879257086817517,0.017285972474826352,0.00449165732821675
2025-06-02,-0.00034874019433838756,-0.012661020601335046,0.002769932825834291,-0.021945779884484755,-0.012190515022262371
2025-06-03,0.0071434695350006076,0.0008105234514854786,-0.008036082896279533,-0.006329285416827371,-0.0082246197989802
2025-06-04,0.0019705192374262943,-0.005287913633457413,-0.01622666943751217,0.004289572701411428,-0.021232730172615105
2025-06-05,0.004892639069962879,0.013058868660900873,0.024985615244539905,0.004886616616022029,-0.004456593094386047
2025-06-06,-0.0072155805625681016,-0.017214492499557435,-0.005939599802119704,-0.0214947475551065,0.016131037071878337
2025-06-09,-0.00034982538289528753,-0.01802639089717782,-0.015473323771433099,-0.016545024730692477,0.006826552277260035
2025-06-10,-0.004135858218718647,-0.0017617632089649712,0.006580323380851964,-0.011330775710626035,0.011430284819934619
2025-06-11,0.000717370303349431,-0.00044324476127781593,0.008264168013699408,-0.012615740570930012,0.00341459407471851
2025-06-12,0.006328519777685889,0.014161654535703078,-0.00528114876459965,0.008051571311744296,-0.014524468996722165
2025-06-13,0.004054727668896745,0.0014466843520455166,0.0018718187439823732,-0.0010367244159965206,0.006081375451559667
2025-06-16,-0.0037027663483139702,-0.006682939818806183,-0.015263683205739209,0.010722390396790042,-0.0026826347782371593
2025-06-17,-0.002293964327562583,0.00502176233279325,0.0034839268774199948,-0.006606205510333515,-7.12438555369177e-05
2025-06-18,0.0038853209508021257,0.006716486934339801,0.004253920498496173,-0.0002666877591055995,0.012015130431207752
2025-06-19,0.0034499098512094607,-0.008801891298711572,-0.002256506461678308,0.0023474083214262875,-0.006069164670550233
2025-06-20,-0.000130068256244975,-0.016539752051602144,-0.004215002324252152,-0.03918692955528957,0.006861557454923174
2025-06-23,0.0014382428259973217,0.013542059184287296,0.00216480667126113,0.02291366834874643,-0.0032797510015007397
2025-06-24,-0.0030841284990066877,-0.006219394902294899,0.006690848501527933,-0.02647107173688881,0.00016521878387567364
2025-06-25,0.0012092499783358344,-0.007219472516053316,-0.007622531498299102,-0.017439601423706867,-0.011761714089044
2025-06-26,-0.0009393001844943568,0.015558297730034393,0.014646826428241647,0.001139650396762909,-0.010000186484978787
2025-06-27,0.0025206645719143706,0.0066197109326211305,0.015668941920403835,0.006512741308658117,-0.008240859656822131
2025-06-30,-0.002148037644199927,0.0009654263828186475,-0.002005872147620947,0.0006565611159312655,0.0014534140613620596
2025-07-01,-0.0027797057797846678,-0.004819829939744588,-0.01233707746298814,-0.005475994123066319,-0.009133060026047602
2025-07-02,-0.006253835244886965,0.007379385235609099,0.004623795374020075,0.027648617758218887,0.008446914616125342
2025-07-03,0.0031438162589121623,0.006231987586721687,0.01643650443556946,0.010389787002234509,-0.007896125669928292
2025-07-04,-0.0013110180829559624,-0.004493858033998478,-0.00899731385135429,-0.0046054242629711304,-0.005762521419813183
2025-07-07,-0.0010606768698763005,-0.0016965871431425363,-0.0002438159542360491,-0.004174037890484299,-0.003908317682264408
2025-07-08,0.002452307797436863,0.001284912533557201,0.0005377124869208757,0.012546759840113926,0.0011381804333191886
2025-07-09,0.0017340412014872314,0.015438239257802478,0.007620282242773824,0.0126089893467226,0.0030648234574859254
2025-07-10,-0.00030465905672326686,-0.004348793160187346,0.002316929969464308,-0.008038682987773974,0.004126734924872346
2025-07-11,-0.007684718741719148,-0.010391830621385687,-0.011098624113951142,0.007086806868188743,0.0039822031440615285
2025-07-14,-0.0030821875291499193,0.005749339757264128,0.0031115245181679387,0.004358222147444167,-0.007114568729260178
2025-07-15,-0.000480122011129305,0.015550285906288331,0.014411494683651634,0.011549995704881976,0.006772771121077893
2025-07-16,-0.0007809493743683163,-0.010262353132785779,-0.01520261410200135,-0.008266404816432961,0.009627915114068904
2025-07-17,0.0001719000037669091,0.0034629661312700457,-0.005466934808571546,-5.97103321255555e-05,0.001003645172222512
2025-07-18,-0.0013297911965508234,0.01627182295831664,0.005380877223972291,0.014069929075855074,-0.003048057365282183
2025-07-21,8.350553290443414e-05,0.0173217503649531,0.005652861115305434,0.004202227378200178,0.02306863405103582
2025-07-22,-0.0025569173924207414,0.004426146720032806,-0.0027340918232516185,-0.014925795021004037,0.004716265863738742
2025-07-23,0.0011429142183340504,0.007487772780850777,8.90903053300332e-05,0.0036121978305299306,-0.005530455800856877
2025-07-24,-0.0004445053695575988,-0.015060884634747555,-0.007680861354450242,-0.010763000472391319,0.01469815957763663
2025-07-25,0.0006262906875753666,0.0033168724168534257,0.0008488550449326936,-0.009754642465067949,-0.007691802517341847
2025-07-28,-0.0017890607108705806,0.006714886935135429,0.02079509331010029,0.020218941100234242,-0.011045005127748427
2025-07-29,0.0005427104987760455,0.013692817402202708,0.014053368172538138,-0.016864763150137914,0.025422253823284925
2025-07-30,0.0007955245411875653,-0.02021903406165684,-0.006034653877481123,-0.0062295842298738325,0.01874277628517762
2025-07-31,0.007588499356723759,-0.005273417844490622,0.004315311606148148,-0.013300643014317281,0.0025764347188452523
2025-08-01,-0.0031570842791466243,-0.016159287047344397,-0.01585738196340369,0.002344590890307821,-0.004052734161347949
2025-08-04,0.004475809917403652,-0.0008967845464132774,0.001582327434987381,0.004001744933769653,-0.0033010784188908823
2025-08-05,0.0033996166862288804,0.009913414803314667,0.007223021050519803,0.006624302468355811,0.005074206026846831
2025-08-06,0.005336151013848136,0.00545823597959641,-0.005130128504838294,0.0060919260211970624,-0.01996426499767379
2025-08-07,0.0029481303079134154,0.00970015710743713,0.01201246406257014,0.00047330196548688096,0.001325313097047213
2025-08-08,0.0015941136014844465,0.02889097756332316,0.02376520964162558,0.013819761299385154,-0.0013953964435946126
2025-08-11,-0.0010673386575173853,-0.0029250794080856904,-0.008714026274710835,0.0006664687548121086,0.0013962967933774583
2025-08-12,0.002629413741369371,0.006359218894907319,0.0016870981184659106,-0.004924410214337039,-0.011438717647632279
2025-08-13,0.0052529367921519375,-0.01595092482046661,-0.008852977437273552,-0.0065325053192294945,-0.003221111760056482
2025-08-14,0.000568302639406269,-0.018487336394616416,-0.0019005020696964909,0.005592498388690144,-0.014136200344926811
